userid,education,region,hhsz,age,income,child,race,country,number_of_books_purchased
6365661,5.0,1.0,2,11.0,7,0,1,0,1
6396922,2.0,2.0,2,8.0,4,0,1,0,1
8999933,4.0,3.0,5,10.0,3,1,1,0,1
9573834,,4.0,2,10.0,5,1,1,0,2
9576277,,1.0,3,8.0,7,1,1,0,5
9581009,,2.0,2,7.0,5,1,1,0,1
9595310,4.0,2.0,2,8.0,2,1,1,0,6
9611445,2.0,4.0,2,11.0,6,1,1,1,2
9663372,4.0,4.0,3,9.0,7,1,1,0,28
9752844,3.0,4.0,2,7.0,3,1,1,0,2
9764146,,2.0,1,8.0,7,0,1,0,2
9951311,,3.0,4,8.0,7,1,1,1,3
9956411,,4.0,2,9.0,5,0,1,1,1
9990417,,3.0,3,9.0,5,1,1,1,4
10276078,5.0,1.0,2,4.0,6,1,1,1,1
10284829,,4.0,4,7.0,4,1,1,0,1
10285221,,1.0,3,11.0,7,1,1,0,11
10305402,,1.0,4,9.0,6,1,1,0,5
10332894,,2.0,4,9.0,1,1,1,0,1
10339680,,3.0,2,5.0,3,1,1,0,3
10340875,1.0,3.0,2,6.0,1,1,1,1,7
10352738,,4.0,3,6.0,2,1,1,0,6
10382654,,1.0,3,8.0,5,1,1,1,1
10385601,,3.0,3,6.0,4,1,1,0,5
10391290,,3.0,4,9.0,6,1,1,0,1
10408686,,4.0,4,9.0,7,1,1,0,2
10413731,4.0,2.0,4,11.0,4,1,1,1,2
10415610,,4.0,2,9.0,4,1,1,0,1
10422755,,2.0,2,2.0,4,0,1,0,1
10456916,,2.0,5,7.0,6,1,1,0,1
10476526,,1.0,3,6.0,6,1,1,0,1
10490921,,1.0,2,8.0,4,0,1,0,6
10495134,,2.0,2,5.0,7,0,1,0,1
10501921,,2.0,2,7.0,7,1,1,0,1
10507116,2.0,3.0,2,9.0,6,1,1,0,10
10517660,,3.0,3,10.0,7,1,1,0,2
10520661,,2.0,3,8.0,3,1,2,0,1
10523633,,2.0,2,3.0,2,0,1,0,1
10526123,,3.0,2,9.0,5,0,1,1,34
10528231,,1.0,2,10.0,6,0,1,0,20
10537032,,3.0,3,6.0,3,1,1,0,1
10542491,,2.0,3,11.0,2,1,1,0,4
10553732,,3.0,2,3.0,5,0,1,1,5
10554937,4.0,2.0,4,6.0,4,1,1,0,1
10558921,,3.0,4,11.0,4,1,1,0,9
10577796,,1.0,1,7.0,5,0,1,0,3
10580614,,4.0,1,6.0,6,0,1,0,2
10610680,,2.0,1,3.0,1,0,1,0,8
10632341,,3.0,1,9.0,5,0,1,0,3
10647589,,3.0,6,5.0,6,1,1,0,1
10653056,2.0,3.0,2,8.0,5,1,1,0,10
10658740,,3.0,2,6.0,6,0,1,1,4
10688303,,1.0,4,11.0,6,1,1,0,4
10688935,,1.0,1,3.0,5,0,2,1,1
10692068,,1.0,4,11.0,5,1,1,0,6
10696641,,1.0,2,11.0,6,1,1,0,1
10703264,,1.0,2,5.0,5,0,1,0,3
10704652,,4.0,3,7.0,6,1,1,1,1
10709826,,1.0,3,6.0,7,1,1,0,1
10710384,4.0,3.0,2,7.0,7,0,1,0,1
10710946,1.0,3.0,2,5.0,7,0,3,0,1
10713659,,4.0,2,11.0,5,0,1,0,1
10715418,,2.0,4,7.0,6,1,1,0,1
10718693,,1.0,2,6.0,7,1,1,0,1
10718870,,4.0,2,11.0,6,0,1,0,5
10723060,4.0,1.0,3,9.0,5,1,1,0,30
10724608,,4.0,5,6.0,1,1,1,1,2
10725804,,3.0,2,3.0,3,0,1,0,1
10727092,,2.0,3,6.0,7,1,1,0,6
10729042,,3.0,3,4.0,7,1,1,0,9
10730454,,1.0,2,7.0,7,1,1,0,2
10733055,,4.0,4,10.0,7,1,1,0,9
10734292,1.0,4.0,2,6.0,6,0,1,0,1
10736808,,2.0,4,8.0,7,1,1,0,1
10736888,,2.0,4,6.0,4,1,1,1,2
10745380,,3.0,5,9.0,7,1,1,0,2
10745619,,3.0,4,7.0,5,1,1,0,1
10746199,,4.0,2,7.0,1,0,1,0,2
10757771,,4.0,3,7.0,7,1,1,0,1
10757974,,3.0,5,9.0,5,1,1,0,5
10759095,2.0,2.0,5,10.0,5,1,1,0,5
10760674,,3.0,3,5.0,6,1,1,0,34
10760774,,1.0,4,8.0,4,1,1,0,4
10761160,4.0,1.0,6,6.0,5,1,1,0,11
10767444,,3.0,3,11.0,1,1,1,0,4
10774792,,2.0,2,7.0,5,0,1,1,1
11355037,2.0,3.0,2,4.0,3,1,1,0,5
11402222,1.0,1.0,5,5.0,6,1,1,0,1
11425410,,3.0,2,9.0,6,0,1,0,14
11431639,,3.0,2,1.0,4,0,1,0,1
11432820,,2.0,3,9.0,2,1,2,1,1
11434532,,1.0,3,4.0,4,1,1,0,1
11434843,,1.0,5,5.0,3,1,1,0,2
11440059,,4.0,2,11.0,7,1,1,0,9
11440783,4.0,3.0,4,8.0,5,1,1,0,2
11442947,,2.0,2,6.0,7,0,1,0,1
11444495,,1.0,1,8.0,5,0,1,0,3
11448354,,3.0,1,10.0,7,0,1,1,7
11450598,,1.0,2,5.0,3,0,1,0,3
11451278,,3.0,4,8.0,6,1,2,0,8
11452566,,1.0,2,3.0,1,0,1,0,5
11453297,,3.0,5,4.0,5,1,1,0,1
11454368,,1.0,2,11.0,1,0,1,0,4
11458301,4.0,4.0,3,6.0,5,1,1,0,1
11469989,,1.0,4,3.0,5,1,1,0,1
11471822,1.0,4.0,4,6.0,5,1,1,1,2
11471839,,2.0,2,9.0,5,0,1,0,3
11473689,,4.0,1,5.0,1,0,1,0,1
11476276,2.0,3.0,1,4.0,2,0,1,1,11
11483022,,2.0,2,8.0,4,1,1,1,4
11483119,2.0,4.0,4,8.0,7,1,1,0,1
11487862,,1.0,2,4.0,7,1,1,0,3
11489735,,3.0,5,7.0,1,1,1,0,2
11494025,,1.0,2,4.0,2,1,1,0,13
11494081,,3.0,5,11.0,7,1,1,0,1
11497186,5.0,1.0,2,4.0,1,0,2,1,1
11498494,2.0,3.0,3,9.0,5,1,1,0,1
11504516,,2.0,5,5.0,5,1,1,0,9
11517235,1.0,4.0,1,4.0,1,0,1,1,2
11519319,,3.0,3,8.0,6,1,1,0,8
11519577,,4.0,2,11.0,6,0,1,0,2
11520934,2.0,1.0,3,7.0,6,1,1,0,2
11527686,,1.0,4,8.0,5,1,1,0,3
11527948,,1.0,2,7.0,7,0,1,1,1
11537300,,4.0,1,9.0,5,0,1,0,3
11538290,,3.0,2,11.0,1,0,1,0,3
11551295,,2.0,4,8.0,7,1,1,0,3
11559220,,3.0,3,9.0,7,1,1,0,8
11560460,,2.0,6,6.0,5,1,1,1,4
11563902,,4.0,1,10.0,5,0,1,0,3
11565125,,3.0,4,5.0,7,1,1,0,8
11570612,,2.0,2,8.0,3,1,1,0,1
11573535,2.0,2.0,4,9.0,2,1,2,0,2
11580436,,3.0,5,6.0,6,1,1,0,1
11585309,,1.0,4,4.0,1,1,1,1,15
11600412,,3.0,4,11.0,5,1,1,1,1
11605775,,2.0,3,10.0,1,1,1,1,4
11609921,,3.0,2,7.0,4,1,1,0,3
11612275,,4.0,1,8.0,6,0,1,0,2
11613619,,3.0,1,4.0,4,0,1,1,1
11629487,,2.0,3,10.0,7,1,1,0,1
11634460,,1.0,3,4.0,5,1,1,0,4
11642227,,2.0,2,5.0,4,0,1,0,3
11657615,1.0,3.0,3,4.0,6,1,1,0,6
11904956,5.0,3.0,2,10.0,5,0,1,1,8
11913488,,2.0,2,7.0,5,0,1,1,2
11924289,,4.0,2,4.0,1,0,1,0,2
11934526,,3.0,1,10.0,7,0,1,0,1
11941012,,3.0,2,11.0,7,0,1,0,3
11945805,,4.0,4,11.0,1,1,1,0,2
12020755,,3.0,3,11.0,5,1,1,0,1
12028263,,3.0,3,8.0,1,1,1,0,4
12029514,,3.0,5,8.0,3,1,1,0,1
12031655,1.0,3.0,5,5.0,7,1,1,0,1
12033972,5.0,3.0,2,10.0,5,1,1,0,3
12047715,,2.0,2,8.0,7,0,1,1,6
12050547,5.0,4.0,2,7.0,6,0,1,1,1
12083224,2.0,3.0,2,7.0,4,0,1,0,1
12083644,4.0,4.0,6,7.0,7,1,1,0,2
12086484,,2.0,3,10.0,6,1,1,0,1
12096909,,4.0,2,7.0,7,1,1,0,3
12115022,,1.0,2,7.0,5,0,1,0,3
12123136,1.0,3.0,3,8.0,6,1,1,0,2
12130933,,2.0,3,10.0,6,1,1,0,6
12152210,,2.0,1,3.0,6,0,1,0,2
12290421,4.0,1.0,4,6.0,5,1,1,1,8
12396871,,4.0,4,5.0,7,1,1,1,2
12432899,1.0,4.0,2,6.0,3,1,3,0,3
12435851,1.0,2.0,2,5.0,6,0,2,0,1
12437452,,2.0,3,8.0,4,1,1,0,10
12438638,,3.0,4,11.0,4,1,1,0,1
12438754,,1.0,2,,5,1,1,0,3
12449958,4.0,3.0,3,4.0,3,1,1,1,1
12453887,4.0,3.0,6,9.0,5,1,1,0,3
12454286,,1.0,3,4.0,3,1,1,0,8
12463743,4.0,1.0,4,6.0,7,1,1,0,2
12467398,,1.0,2,6.0,5,0,1,0,5
12476920,,3.0,4,5.0,2,1,1,1,2
12482810,,2.0,3,7.0,6,1,1,0,1
12496508,1.0,4.0,3,9.0,2,1,1,0,6
12498500,,3.0,2,9.0,5,0,1,0,2
12511145,,3.0,2,9.0,7,0,1,0,4
12518001,,2.0,3,5.0,7,1,1,0,1
12525209,,2.0,2,5.0,5,0,1,0,1
12536620,1.0,2.0,2,6.0,5,0,3,1,2
12555609,,1.0,4,5.0,6,1,1,0,86
12558072,,1.0,3,8.0,6,1,1,0,2
12561903,,2.0,2,6.0,5,1,1,0,1
12570214,2.0,2.0,2,9.0,6,1,1,1,1
12577908,5.0,4.0,4,6.0,4,1,1,1,6
12583438,,1.0,2,7.0,6,0,1,0,1
12586787,,3.0,4,8.0,7,1,1,1,1
12589827,,2.0,1,4.0,7,0,1,0,1
12597026,,1.0,2,9.0,7,1,1,0,27
12598906,,1.0,4,3.0,5,1,1,0,1
12600287,,4.0,1,11.0,1,0,1,0,1
12607218,,1.0,3,7.0,6,1,1,0,5
12612776,1.0,1.0,2,10.0,6,0,1,1,1
12621223,2.0,3.0,6,8.0,7,1,1,0,6
12623088,2.0,4.0,2,6.0,2,1,1,0,8
12624247,,2.0,2,11.0,5,0,1,0,10
12628895,5.0,3.0,4,6.0,7,1,1,1,3
12629487,,4.0,3,11.0,5,1,1,0,1
12631245,,4.0,3,9.0,4,1,1,0,9
12632072,,1.0,1,9.0,5,0,1,0,1
12634967,,1.0,2,6.0,6,0,1,1,6
12637185,2.0,1.0,5,8.0,7,1,3,0,2
12639205,4.0,2.0,6,4.0,4,1,1,0,6
12642150,,4.0,3,4.0,1,0,1,1,1
12650861,4.0,1.0,5,7.0,6,1,1,0,12
12654867,,4.0,3,5.0,5,1,1,1,1
12654924,,1.0,2,11.0,1,0,1,0,2
12666925,4.0,3.0,3,6.0,3,1,1,0,1
12673396,2.0,4.0,2,3.0,2,0,1,0,5
12693303,1.0,3.0,5,11.0,7,1,1,0,2
12693506,,1.0,4,11.0,5,1,1,0,2
12695452,,4.0,3,9.0,7,1,1,0,1
12696373,,4.0,2,4.0,6,1,1,1,4
12697643,,4.0,1,4.0,2,0,1,0,3
12698790,1.0,2.0,3,6.0,2,1,1,0,3
12700525,,3.0,3,2.0,1,1,1,0,7
12700901,,3.0,3,11.0,3,1,1,0,6
12709945,,1.0,2,11.0,7,0,1,0,4
12716225,4.0,3.0,4,6.0,7,1,1,0,1
12716906,,1.0,3,5.0,5,1,1,0,5
12725348,,2.0,4,8.0,4,1,1,0,4
12726951,,4.0,2,6.0,6,0,1,0,4
12727604,,1.0,3,6.0,7,1,1,0,2
12732644,,4.0,5,8.0,5,1,1,0,6
12732749,,2.0,2,6.0,4,1,1,0,11
12732895,,3.0,4,10.0,5,1,1,0,1
12737321,,3.0,3,5.0,3,1,1,0,1
12740283,,3.0,2,6.0,7,1,1,0,2
12748915,,2.0,2,9.0,4,0,1,1,4
12750440,,3.0,4,11.0,7,1,1,0,2
12753459,,1.0,3,11.0,7,1,1,0,2
12754693,2.0,1.0,3,8.0,2,1,1,0,1
12767174,,3.0,2,7.0,3,1,1,0,2
12772167,,1.0,5,8.0,7,1,1,0,5
12774277,,4.0,2,6.0,7,0,1,1,2
12793618,,3.0,1,4.0,5,0,1,0,4
12793677,,1.0,6,8.0,6,1,1,0,2
12796869,,2.0,4,1.0,5,1,1,0,2
12801568,,1.0,4,8.0,1,1,1,0,1
12802575,2.0,1.0,5,9.0,4,1,1,0,2
12806203,,1.0,4,10.0,5,1,1,0,2
12812145,,4.0,5,11.0,6,0,1,1,1
12817695,,2.0,2,3.0,4,0,1,0,1
12822154,,3.0,2,8.0,5,1,1,0,3
12826429,1.0,1.0,6,5.0,5,1,1,0,2
12827573,,3.0,4,6.0,6,1,1,0,2
12834186,3.0,4.0,1,11.0,2,0,1,0,3
12840512,4.0,3.0,3,11.0,1,1,1,0,13
12842811,,3.0,2,6.0,3,0,1,1,6
12868085,,1.0,2,9.0,6,0,1,0,1
12870613,,1.0,4,5.0,6,1,1,0,3
12871502,5.0,1.0,5,8.0,7,1,1,0,1
12877263,,2.0,2,8.0,5,1,1,0,2
12877634,2.0,1.0,1,5.0,2,0,1,0,4
12878092,,1.0,4,10.0,7,1,1,1,1
12881632,1.0,1.0,4,8.0,7,1,1,0,4
12889156,,3.0,6,7.0,7,1,1,0,4
12889717,,4.0,4,6.0,6,1,1,0,6
12897505,1.0,1.0,3,6.0,6,1,3,0,13
12902728,2.0,2.0,4,8.0,5,1,1,1,1
12903331,,2.0,4,7.0,6,1,1,1,1
12905217,1.0,2.0,4,10.0,7,1,1,0,2
12906295,,3.0,6,4.0,7,1,1,1,4
12906553,,4.0,4,9.0,1,1,1,0,6
12908079,1.0,1.0,4,7.0,5,1,1,1,1
12908660,2.0,3.0,4,7.0,7,1,1,0,3
12910347,,1.0,2,9.0,7,0,1,0,3
12912061,,3.0,4,8.0,7,1,1,0,3
12915567,1.0,3.0,4,7.0,5,1,1,0,6
12917092,,4.0,4,8.0,4,1,1,0,2
12917266,,4.0,2,11.0,6,0,1,1,2
12927292,2.0,3.0,2,6.0,5,1,1,0,3
12928013,1.0,2.0,4,10.0,4,1,1,0,4
12929967,,1.0,3,11.0,4,1,1,0,5
12931804,,1.0,4,9.0,7,1,1,0,1
12931947,,4.0,2,11.0,5,1,1,0,9
12935140,4.0,2.0,3,11.0,4,1,1,0,10
12935197,,3.0,2,10.0,2,0,1,0,2
12938496,,1.0,2,9.0,5,0,1,0,1
12940923,,3.0,4,10.0,3,1,1,0,1
12941361,1.0,4.0,3,11.0,5,1,1,1,1
12942013,1.0,4.0,3,5.0,3,1,1,1,1
12944480,,4.0,2,11.0,1,0,1,1,1
12945345,,3.0,2,6.0,7,0,1,0,7
12948437,,4.0,3,10.0,7,1,1,0,34
12948837,,2.0,2,6.0,2,0,1,0,2
12950677,4.0,3.0,2,5.0,5,1,1,0,1
12951905,1.0,4.0,3,7.0,4,1,1,0,3
12952629,,3.0,1,4.0,1,0,1,0,1
12953344,,4.0,2,4.0,7,1,1,1,1
12953939,,1.0,3,2.0,5,1,1,0,1
12954281,,4.0,5,4.0,1,1,1,0,6
12954465,4.0,2.0,3,9.0,7,1,1,0,5
12954474,,1.0,4,8.0,6,1,1,0,5
12954721,1.0,4.0,3,6.0,5,1,2,0,1
12958679,,3.0,3,6.0,6,1,1,0,1
12959394,1.0,2.0,4,3.0,1,1,1,1,3
12961337,,2.0,4,8.0,7,1,1,1,1
12961753,,4.0,5,6.0,6,1,1,0,2
12962011,4.0,2.0,3,6.0,7,1,1,0,1
12963828,,4.0,3,6.0,7,1,1,0,1
12964258,,1.0,5,7.0,5,1,1,0,3
12964996,2.0,4.0,2,6.0,4,0,1,0,19
12966188,,4.0,4,6.0,2,1,1,0,2
12967388,,2.0,4,11.0,5,1,1,0,13
12968780,2.0,3.0,3,8.0,5,1,1,1,1
12968879,,3.0,2,7.0,5,0,1,1,23
12970368,,2.0,2,6.0,7,0,1,1,2
12973142,,2.0,6,5.0,7,1,1,0,1
12973157,,4.0,2,11.0,4,1,1,0,13
12974371,,2.0,4,9.0,5,1,1,1,4
12976282,4.0,2.0,4,9.0,6,1,1,0,3
12976421,1.0,4.0,2,7.0,6,1,1,1,3
12976860,5.0,4.0,2,11.0,3,1,1,0,2
12977035,,2.0,2,6.0,3,1,1,0,2
12977779,,1.0,2,7.0,6,0,1,0,2
12978557,,1.0,4,11.0,3,1,1,0,6
12979091,,3.0,4,11.0,5,1,1,0,1
12980272,,4.0,2,5.0,6,1,1,1,2
12980837,1.0,2.0,6,8.0,7,1,1,0,2
12981075,2.0,2.0,2,5.0,6,0,1,0,3
12981473,4.0,3.0,4,10.0,5,1,1,0,2
12982376,2.0,3.0,4,8.0,5,1,1,0,6
12984602,2.0,4.0,3,6.0,7,1,1,1,2
12986738,,3.0,2,9.0,5,0,1,0,1
12987378,,1.0,3,5.0,6,1,1,0,1
12989163,,4.0,4,8.0,7,1,1,0,3
12989406,,1.0,5,3.0,7,1,1,1,3
12992941,,3.0,4,11.0,5,0,1,0,1
12994275,,3.0,2,11.0,1,1,1,0,2
12995365,,2.0,2,9.0,5,1,1,0,5
12995374,,1.0,1,4.0,1,0,1,0,1
12995431,,2.0,5,10.0,4,1,1,0,3
12995446,1.0,4.0,3,6.0,4,1,1,0,2
12995682,,1.0,4,7.0,7,1,1,0,6
12995688,,3.0,5,6.0,4,1,1,0,3
12996040,2.0,4.0,1,5.0,5,0,1,1,1
12997968,,4.0,2,7.0,7,1,1,0,1
12998340,4.0,4.0,4,6.0,7,1,1,1,1
12999223,,2.0,3,6.0,6,1,1,0,8
12999293,,3.0,1,4.0,5,0,1,0,2
12999321,,1.0,4,10.0,5,1,1,0,1
13002521,,2.0,2,9.0,2,1,1,0,1
13002707,,2.0,3,4.0,5,1,1,0,1
13002731,,2.0,5,7.0,7,1,1,0,2
13003316,,1.0,2,5.0,5,0,1,0,1
13004574,,1.0,3,10.0,5,1,1,0,1
13005194,2.0,1.0,2,8.0,1,0,1,0,5
13007033,,1.0,2,7.0,3,0,1,0,2
13008364,,3.0,5,9.0,4,1,1,0,2
13009529,,3.0,2,5.0,7,0,1,0,6
13010048,,3.0,2,8.0,7,0,1,0,3
13010794,,1.0,2,11.0,7,1,1,0,1
13012888,,4.0,2,5.0,7,1,3,0,3
13013999,2.0,1.0,3,9.0,6,1,1,0,23
13014381,,1.0,2,10.0,1,1,1,1,1
13015655,,2.0,3,8.0,7,1,1,0,2
13017695,,3.0,4,10.0,4,1,1,1,1
13020542,,4.0,3,9.0,7,1,1,0,1
13022480,,2.0,2,4.0,3,0,1,0,12
13023324,,4.0,3,8.0,1,1,1,1,19
13023461,,1.0,2,5.0,5,0,1,0,1
13023838,,2.0,2,4.0,7,0,1,0,4
13024062,,3.0,3,3.0,3,1,1,0,27
13027162,,3.0,2,11.0,5,1,1,0,1
13027652,4.0,3.0,2,10.0,7,0,1,0,2
13027972,,4.0,2,11.0,6,1,1,0,3
13028076,,3.0,5,11.0,1,1,1,0,15
13028405,,2.0,5,11.0,7,1,1,1,2
13030190,2.0,4.0,6,9.0,3,1,1,0,6
13030654,,1.0,4,11.0,4,1,1,0,3
13031709,1.0,3.0,3,6.0,7,1,1,0,7
13034684,,3.0,4,9.0,7,0,1,0,6
13034804,,2.0,4,7.0,5,1,1,0,2
13034955,,1.0,2,7.0,7,1,1,0,1
13036981,,1.0,4,5.0,6,1,1,0,1
13037285,,2.0,4,9.0,6,1,1,0,11
13038753,4.0,2.0,3,6.0,5,1,1,0,6
13038955,2.0,1.0,3,7.0,5,1,1,0,1
13039363,,2.0,4,11.0,1,1,1,0,1
13040815,,3.0,5,8.0,6,1,1,0,9
13042059,,3.0,3,9.0,7,1,1,0,1
13042989,,1.0,3,3.0,2,1,1,1,1
13044198,,1.0,1,9.0,5,0,2,1,1
13046577,,3.0,5,7.0,2,1,1,0,7
13048975,,3.0,5,6.0,5,1,1,0,2
13053120,,1.0,2,9.0,3,0,1,1,2
13054521,4.0,1.0,4,9.0,4,1,1,0,2
13054998,,2.0,2,4.0,2,0,1,0,6
13056185,,1.0,4,11.0,7,1,1,0,4
13056195,,3.0,4,6.0,3,1,1,0,2
13058238,,4.0,1,11.0,5,0,1,0,1
13058590,,2.0,3,5.0,5,1,1,0,1
13058792,,2.0,4,10.0,7,1,1,1,1
13059437,,4.0,2,10.0,6,1,1,0,7
13061914,,4.0,3,4.0,3,1,1,0,1
13061928,1.0,1.0,3,10.0,5,1,1,0,11
13062937,,3.0,3,9.0,1,1,1,1,3
13063508,5.0,4.0,4,7.0,4,1,1,1,6
13063610,,3.0,3,9.0,6,1,1,0,4
13063815,1.0,3.0,2,7.0,3,1,1,0,23
13064877,,4.0,3,11.0,7,1,1,0,1
13065072,,1.0,4,6.0,5,1,1,1,1
13066440,,2.0,4,7.0,5,1,1,0,1
13071570,,1.0,2,3.0,7,0,2,0,4
13072514,,2.0,5,4.0,5,0,1,0,6
13074231,,3.0,3,11.0,5,1,1,0,1
13075032,1.0,2.0,3,7.0,7,1,1,0,1
13075355,,3.0,6,4.0,4,1,1,0,39
13076116,,3.0,3,11.0,4,0,1,1,5
13076185,4.0,2.0,3,8.0,7,1,1,0,5
13079002,,1.0,2,11.0,1,1,1,1,2
13106187,2.0,3.0,5,7.0,7,1,1,1,4
13110486,2.0,4.0,4,6.0,6,1,1,0,5
13111372,,4.0,5,8.0,7,1,1,0,1
13112291,2.0,3.0,5,9.0,2,1,1,0,8
13113765,4.0,1.0,2,7.0,5,0,1,0,2
13115290,2.0,1.0,4,8.0,3,1,1,0,2
13115331,2.0,4.0,6,9.0,7,1,1,0,3
13115335,,2.0,4,6.0,7,1,1,0,1
13115389,1.0,2.0,6,11.0,6,1,1,0,5
13122573,1.0,1.0,2,5.0,5,0,1,0,1
13124025,,1.0,3,8.0,4,1,1,0,1
13124125,5.0,4.0,3,6.0,4,0,1,0,1
13124472,,1.0,2,11.0,3,1,1,0,1
13125505,,3.0,2,9.0,5,0,1,0,1
13127827,,3.0,4,9.0,5,1,1,0,2
13129562,4.0,2.0,4,8.0,5,1,1,0,1
13132417,4.0,2.0,3,4.0,6,1,1,1,1
13134289,2.0,2.0,2,6.0,4,1,1,1,2
13135419,,3.0,4,7.0,7,1,1,0,2
13137429,2.0,2.0,4,6.0,7,1,1,1,1
13138887,,4.0,2,6.0,1,0,1,0,5
13141184,,2.0,6,6.0,6,1,1,0,1
13147893,,4.0,4,11.0,1,1,1,0,1
13148154,2.0,3.0,5,6.0,5,1,1,0,111
13151049,,1.0,5,6.0,7,1,1,0,3
13153997,,3.0,3,6.0,1,1,1,0,3
13158692,,4.0,2,11.0,7,0,1,0,2
13158940,,3.0,2,8.0,7,0,1,1,8
13160484,,3.0,3,4.0,4,1,1,0,1
13162326,2.0,1.0,5,7.0,7,1,1,0,4
13162607,,4.0,2,8.0,6,0,1,0,1
13168107,,3.0,2,7.0,2,0,1,1,1
13168826,5.0,3.0,4,7.0,5,1,1,0,1
13169862,,3.0,4,4.0,5,1,1,1,1
13170746,,1.0,5,6.0,6,1,1,0,4
13171400,,1.0,5,8.0,7,1,1,0,1
13175936,,1.0,2,11.0,3,0,1,0,2
13180541,1.0,1.0,3,7.0,4,1,3,0,2
13182504,,3.0,4,6.0,7,1,1,0,8
13207423,1.0,2.0,2,8.0,5,1,1,0,1
13207594,,3.0,2,10.0,5,1,1,1,21
13208503,,3.0,2,5.0,7,0,1,0,2
13208828,5.0,4.0,4,5.0,3,1,1,1,10
13210035,,4.0,2,9.0,5,1,1,0,1
13249274,,1.0,5,9.0,6,1,1,0,8
13252782,,1.0,4,5.0,7,1,1,0,5
13315199,1.0,1.0,5,10.0,6,1,1,0,2
13318423,,2.0,4,6.0,6,1,1,0,1
13318539,5.0,1.0,3,8.0,4,1,1,1,1
13327808,2.0,4.0,2,6.0,5,0,1,0,2
13342158,,3.0,4,5.0,7,1,1,1,3
13342770,2.0,2.0,3,7.0,1,1,1,0,2
13363139,,4.0,5,11.0,1,1,1,1,2
13365119,,3.0,3,4.0,5,1,1,0,1
13367767,4.0,4.0,1,5.0,4,0,1,0,1
13369569,1.0,1.0,2,10.0,5,1,1,0,6
13370111,,3.0,4,8.0,7,1,1,0,4
13376908,,3.0,3,10.0,7,1,1,0,1
13379401,,3.0,3,4.0,7,1,1,0,2
13379656,,4.0,3,11.0,6,1,1,1,1
13380042,,2.0,4,7.0,7,1,1,0,1
13386091,2.0,4.0,6,10.0,6,1,1,0,1
13389302,4.0,3.0,3,11.0,4,0,1,1,1
13395208,4.0,3.0,4,5.0,5,1,1,1,1
13395494,,3.0,3,8.0,7,1,1,1,4
13402676,,1.0,4,6.0,4,1,1,1,1
13404677,,4.0,2,9.0,2,1,1,1,1
13407385,,4.0,3,5.0,6,1,1,1,1
13408539,2.0,3.0,4,9.0,2,1,1,0,4
13409594,,4.0,3,11.0,5,1,1,0,1
13410022,1.0,3.0,5,8.0,4,1,1,1,4
13412723,1.0,2.0,3,7.0,5,1,1,0,2
13415336,2.0,1.0,4,8.0,5,1,1,1,1
13416286,,1.0,5,11.0,7,1,1,0,6
13420899,,3.0,4,8.0,5,1,1,0,1
13421093,,4.0,2,5.0,3,0,1,0,3
13421731,1.0,1.0,6,6.0,5,1,1,0,11
13423929,,4.0,2,4.0,5,0,1,1,4
13425541,,2.0,4,6.0,5,1,1,0,2
13429382,1.0,1.0,2,7.0,4,1,1,0,3
13430870,4.0,3.0,2,4.0,4,0,1,0,4
13430948,2.0,3.0,1,6.0,6,0,1,0,2
13434131,,3.0,2,8.0,5,0,1,1,1
13434592,4.0,3.0,3,7.0,1,1,1,0,5
13445674,1.0,2.0,2,4.0,2,0,1,0,2
13446938,5.0,3.0,3,9.0,2,0,1,0,1
13452729,5.0,1.0,6,11.0,4,1,1,0,1
13454605,1.0,1.0,3,3.0,3,1,1,0,3
13455404,2.0,2.0,3,9.0,2,1,1,0,4
13455512,4.0,1.0,2,7.0,3,0,1,0,5
13456383,,2.0,4,11.0,3,1,1,0,10
13457369,4.0,1.0,2,10.0,5,1,1,0,9
13463382,,1.0,5,10.0,7,1,1,0,1
13464810,,4.0,2,11.0,5,0,1,1,2
13467555,,3.0,4,7.0,7,1,1,1,1
13472657,4.0,3.0,4,4.0,7,1,1,1,2
13477462,2.0,3.0,4,6.0,2,1,1,1,4
13478013,,4.0,3,4.0,5,1,1,0,1
13478849,,1.0,4,7.0,7,1,1,1,3
13481270,,2.0,3,8.0,5,1,1,1,4
13486678,,2.0,2,5.0,4,1,1,1,3
13487787,4.0,3.0,5,6.0,5,1,1,1,4
13491532,5.0,4.0,4,7.0,2,1,1,1,10
13494062,5.0,3.0,2,7.0,4,0,1,1,2
13497519,,2.0,4,2.0,1,0,1,1,1
13500930,,2.0,3,4.0,3,1,1,0,1
13501572,,4.0,3,4.0,6,1,1,1,1
13503636,4.0,3.0,4,8.0,7,1,1,1,4
13503918,4.0,4.0,4,6.0,3,1,1,1,4
13504264,4.0,2.0,6,9.0,3,1,2,1,1
13508702,1.0,3.0,2,8.0,4,1,1,0,1
13513325,,4.0,3,8.0,5,1,1,1,1
13513874,4.0,1.0,3,4.0,6,1,1,0,1
13519449,,3.0,3,5.0,7,1,1,0,8
13520758,1.0,3.0,3,6.0,6,1,1,0,2
13520856,2.0,2.0,2,3.0,1,0,1,0,5
13524140,4.0,4.0,5,8.0,4,1,1,1,1
13524332,,4.0,2,7.0,5,1,1,0,4
13525346,4.0,3.0,2,2.0,1,0,1,1,3
13526031,,2.0,6,5.0,6,1,1,0,2
13535731,,1.0,5,5.0,5,1,1,0,5
13537542,,1.0,4,8.0,4,1,2,0,2
13540737,,4.0,2,7.0,1,0,1,0,2
13543040,1.0,1.0,3,6.0,3,1,1,0,1
13568562,1.0,2.0,5,9.0,3,1,1,1,5
13569505,4.0,1.0,3,5.0,7,1,1,0,1
13569631,,2.0,2,6.0,7,0,1,0,1
13573129,,4.0,5,9.0,7,1,1,1,3
13573961,,2.0,3,6.0,7,1,1,0,2
13577315,,4.0,5,9.0,7,1,1,0,37
13580205,5.0,1.0,5,10.0,5,1,1,1,1
13581455,,3.0,4,6.0,4,1,1,0,1
13581508,,1.0,6,6.0,6,1,1,0,6
13584462,,4.0,5,11.0,6,1,1,1,1
13585234,5.0,2.0,6,5.0,5,1,1,0,1
13588369,,2.0,4,6.0,7,1,1,0,1
13589624,,1.0,2,11.0,2,1,1,0,1
13590144,1.0,1.0,2,6.0,5,0,1,0,2
13595238,,3.0,5,4.0,4,1,1,0,11
13598893,,3.0,3,7.0,7,1,1,0,3
13600678,,3.0,3,4.0,1,1,2,1,1
13600798,5.0,1.0,2,11.0,3,0,1,0,2
13601556,,3.0,2,6.0,5,0,1,0,1
13602061,2.0,1.0,5,6.0,4,1,1,0,4
13602443,4.0,2.0,4,9.0,3,1,1,0,16
13606567,,1.0,6,7.0,6,1,1,0,2
13606838,2.0,3.0,2,5.0,3,0,1,0,1
13608198,1.0,3.0,2,11.0,1,1,1,0,9
13611464,,2.0,5,5.0,7,1,1,0,1
13612364,,3.0,5,8.0,7,1,1,0,1
13612811,2.0,2.0,4,10.0,7,1,1,1,1
13612996,,4.0,3,6.0,6,1,1,0,3
13614046,,3.0,1,3.0,2,0,1,0,1
13615795,1.0,3.0,3,8.0,6,1,1,0,11
13616259,,1.0,5,9.0,3,1,2,0,2
13616888,2.0,1.0,4,8.0,5,1,3,0,7
13618385,,3.0,2,10.0,5,1,1,0,1
13618696,,3.0,5,4.0,1,1,1,0,1
13618913,2.0,4.0,5,11.0,7,1,1,0,1
13621943,,3.0,4,9.0,7,1,1,0,3
13628285,,4.0,1,11.0,7,0,1,0,1
13628313,2.0,3.0,1,5.0,5,0,1,1,1
13629723,,4.0,6,6.0,7,1,1,0,1
13637936,,1.0,4,9.0,7,1,1,0,13
13639460,4.0,1.0,2,8.0,6,1,1,0,2
13639569,,1.0,4,11.0,2,1,1,0,16
13640963,2.0,3.0,4,4.0,5,1,3,0,2
13644802,4.0,1.0,6,5.0,6,1,1,0,1
13646592,2.0,2.0,2,9.0,3,0,1,0,2
13647016,,4.0,2,10.0,2,1,1,1,1
13650804,2.0,4.0,3,7.0,4,1,1,0,1
13652623,,3.0,3,8.0,7,1,1,0,1
13654086,,2.0,2,4.0,7,0,1,0,1
13655003,,1.0,2,5.0,3,0,1,1,8
13655913,2.0,3.0,2,10.0,4,0,1,0,1
13658504,,3.0,1,3.0,4,0,1,0,6
13661102,,1.0,3,6.0,6,1,1,0,1
13672186,,3.0,3,7.0,7,1,1,1,2
13672339,2.0,2.0,1,6.0,7,0,1,0,63
13672945,,2.0,3,7.0,7,1,1,0,1
13673352,,4.0,1,8.0,5,0,1,1,5
13673868,,1.0,4,6.0,7,1,1,1,1
13674761,,3.0,3,7.0,5,1,1,0,1
13674843,2.0,2.0,3,7.0,6,1,1,1,1
13682942,,1.0,5,11.0,6,1,1,1,2
13683146,,1.0,4,11.0,3,1,1,1,2
13683543,,2.0,3,7.0,6,1,1,1,4
13686442,,3.0,3,8.0,5,1,1,1,1
13686890,4.0,4.0,4,10.0,7,1,1,0,2
13687100,,3.0,2,5.0,7,1,1,0,5
13689904,5.0,2.0,2,7.0,6,1,1,1,1
13690751,,2.0,4,6.0,7,1,1,1,2
13694527,,3.0,3,9.0,7,1,1,1,1
13697690,,4.0,3,3.0,4,0,1,1,2
13698175,1.0,3.0,2,10.0,4,0,1,1,1
13700718,1.0,1.0,5,6.0,5,1,1,1,5
13702156,1.0,3.0,5,8.0,5,1,1,0,2
13704330,2.0,3.0,4,8.0,5,1,1,1,1
13705943,,3.0,3,6.0,7,1,1,1,1
13706003,,1.0,6,5.0,4,1,1,1,3
13711065,,2.0,4,6.0,5,1,1,1,1
13712114,,3.0,3,4.0,4,1,1,1,2
13715417,5.0,3.0,4,5.0,5,1,1,0,1
13716039,2.0,2.0,5,9.0,6,1,1,1,1
13716470,4.0,1.0,3,7.0,6,1,1,1,2
13719375,,1.0,3,8.0,7,1,1,1,2
13720910,,1.0,3,8.0,6,1,1,1,2
13727833,,1.0,4,6.0,7,1,1,1,3
13732726,,2.0,4,9.0,5,1,1,0,1
13737345,,1.0,4,10.0,7,1,1,1,2
13739742,,3.0,3,7.0,7,1,1,0,1
13740922,2.0,2.0,3,4.0,4,1,1,0,1
13741799,,4.0,5,6.0,5,1,1,0,3
13742137,,2.0,3,8.0,7,1,1,0,4
13742973,,3.0,6,10.0,6,1,1,0,1
13743400,,3.0,4,11.0,5,0,1,0,7
13744509,,3.0,5,5.0,6,1,1,0,2
13744908,4.0,1.0,4,9.0,5,1,1,0,5
13745193,,1.0,3,7.0,4,1,1,1,1
13746671,2.0,1.0,5,8.0,6,1,1,0,1
13747649,4.0,3.0,2,4.0,2,0,1,0,1
13749371,,1.0,4,7.0,7,1,1,0,3
13749844,,3.0,3,6.0,6,1,1,0,1
13755243,2.0,2.0,2,10.0,4,0,1,0,2
13755636,,1.0,3,8.0,7,1,1,0,3
13758129,,3.0,4,11.0,5,1,1,0,19
13758611,,1.0,1,4.0,4,0,1,0,1
13759697,,3.0,3,5.0,1,1,1,0,2
13763281,,1.0,3,5.0,5,1,1,0,3
13763413,2.0,3.0,4,7.0,7,1,1,0,2
13763851,,2.0,2,10.0,1,0,1,1,4
13768164,,4.0,2,9.0,7,1,1,0,1
13768329,,3.0,5,8.0,3,0,1,0,2
13769017,,3.0,2,6.0,1,1,1,0,1
13774087,,1.0,4,7.0,7,1,1,0,8
13774722,,1.0,5,3.0,6,0,1,0,6
13777854,,3.0,3,5.0,5,1,1,0,2
13778128,,3.0,5,4.0,3,1,1,1,4
13778757,,3.0,3,7.0,7,1,1,1,7
13779471,,3.0,3,6.0,7,1,1,0,1
13781920,,2.0,2,4.0,4,0,1,0,1
13783084,,1.0,5,11.0,1,1,1,1,1
13786095,4.0,2.0,4,11.0,3,1,1,0,8
13788721,,2.0,3,9.0,7,1,1,0,13
13788729,,2.0,4,7.0,5,1,1,0,1
13789636,,4.0,2,5.0,1,0,1,0,1
13792735,,4.0,2,5.0,5,0,1,0,1
13794751,,2.0,4,9.0,1,1,1,0,4
13796970,4.0,3.0,4,8.0,6,1,2,0,2
13801511,,3.0,2,11.0,4,0,1,0,13
13801687,,2.0,2,6.0,6,1,1,0,2
13812224,,3.0,1,6.0,5,0,1,0,1
13812381,,4.0,3,7.0,6,0,1,0,4
13813570,,4.0,2,11.0,1,0,1,0,1
13820498,,1.0,2,4.0,5,0,1,0,4
13821301,,3.0,2,7.0,6,0,1,0,1
13823226,1.0,2.0,3,8.0,3,1,1,0,2
13823356,,3.0,2,4.0,1,0,1,0,4
13823543,,1.0,4,8.0,7,1,1,0,10
13827053,,2.0,3,3.0,6,1,1,1,28
13827922,2.0,2.0,2,3.0,7,1,1,1,2
13833308,,2.0,2,5.0,4,0,1,0,1
13835728,,4.0,2,9.0,4,0,1,0,4
13838958,,1.0,3,8.0,3,1,1,0,2
13842068,5.0,3.0,2,6.0,3,0,1,0,1
13842680,,4.0,2,11.0,2,0,1,0,3
13843503,,2.0,3,5.0,4,1,1,0,39
13862497,,2.0,2,11.0,1,0,1,0,1
13874204,,4.0,3,8.0,7,1,1,0,20
13874459,,3.0,2,9.0,7,0,1,0,1
13875355,4.0,1.0,4,4.0,1,1,1,0,1
13877067,,1.0,3,6.0,5,1,1,0,3
13878564,,1.0,3,10.0,7,1,1,0,1
13881751,,3.0,3,7.0,7,1,1,0,2
13883618,1.0,3.0,4,5.0,7,1,1,1,1
13883962,,4.0,2,9.0,4,0,1,0,2
13895518,,3.0,3,8.0,6,1,1,0,1
13901033,2.0,4.0,5,7.0,1,1,1,1,1
13901839,,2.0,3,9.0,6,1,1,0,1
13903078,,4.0,5,2.0,4,1,1,0,10
13904269,,3.0,6,11.0,5,1,1,0,1
13904409,,4.0,3,3.0,4,1,1,0,7
13904869,4.0,3.0,6,6.0,3,1,1,0,6
13904948,,1.0,4,6.0,5,1,1,0,3
13905207,1.0,4.0,2,10.0,3,0,1,0,4
13905803,,3.0,1,7.0,4,0,1,0,3
13907633,,1.0,2,8.0,1,1,1,0,21
13912034,,4.0,2,5.0,4,0,1,0,3
13912888,,1.0,3,5.0,4,1,1,0,4
13925484,,2.0,1,7.0,5,0,1,0,5
13929100,,3.0,3,2.0,5,1,1,1,1
13930851,5.0,2.0,4,9.0,3,1,1,0,2
13936926,,4.0,2,7.0,5,0,1,0,1
13955308,,3.0,4,6.0,6,1,1,0,3
13955895,,1.0,2,11.0,3,0,1,0,1
13956320,,4.0,3,6.0,6,0,1,0,1
13956418,,1.0,5,6.0,7,1,1,0,1
13956968,,1.0,4,4.0,5,1,1,0,5
13959929,,4.0,2,11.0,1,0,1,0,5
13960807,2.0,2.0,2,8.0,5,0,1,1,2
13961420,2.0,3.0,6,7.0,7,1,1,0,1
13964070,,3.0,3,6.0,1,1,1,0,4
13969107,,2.0,2,11.0,4,1,1,0,2
13969192,5.0,1.0,3,11.0,5,1,1,0,1
13972486,,3.0,2,4.0,5,1,1,0,1
13974744,4.0,3.0,3,6.0,1,1,1,0,1
13974787,,2.0,2,3.0,5,1,1,0,30
13975223,,4.0,3,9.0,4,1,1,0,1
13975824,,2.0,2,2.0,2,0,1,0,1
13981032,2.0,1.0,2,6.0,5,0,1,0,1
13995137,,3.0,1,11.0,4,0,1,0,7
13997893,5.0,4.0,2,6.0,5,0,1,1,1
14003408,,1.0,2,4.0,1,0,1,1,2
14006068,,3.0,6,3.0,4,0,1,1,1
14010022,,2.0,2,8.0,3,0,1,0,1
14011832,,4.0,4,7.0,6,1,1,0,2
14012335,,4.0,5,5.0,3,0,1,0,10
14012340,,4.0,4,7.0,7,1,1,0,1
14012835,,1.0,2,7.0,1,0,1,0,1
14018190,,1.0,5,7.0,5,1,1,0,1
14018262,,1.0,2,3.0,6,1,1,1,3
14018841,,4.0,3,11.0,1,1,1,0,3
14019837,,1.0,2,5.0,5,0,1,0,1
14024916,,3.0,2,5.0,5,0,1,1,3
14053320,,3.0,3,7.0,2,1,1,0,1
14057241,,1.0,2,11.0,6,0,1,1,4
14062107,,3.0,2,5.0,3,1,1,0,1
14066789,,1.0,6,7.0,4,1,1,0,1
14068638,4.0,4.0,4,9.0,2,1,1,0,1
14070110,,3.0,2,11.0,7,1,1,0,1
14072585,1.0,1.0,2,8.0,3,1,1,0,1
14076438,,1.0,1,9.0,6,0,1,0,12
14078316,,1.0,3,9.0,1,1,1,0,3
14084680,,2.0,2,2.0,2,0,1,0,2
14086128,,3.0,5,6.0,4,1,1,0,2
14092793,,4.0,1,8.0,5,0,1,0,3
14095209,,3.0,2,5.0,7,0,1,0,1
14097705,,1.0,2,7.0,6,0,1,0,2
14098307,,3.0,4,6.0,5,0,1,0,1
14099336,,3.0,3,9.0,4,1,1,0,3
14100392,1.0,1.0,3,8.0,4,1,1,0,1
14103279,,3.0,2,11.0,5,0,1,1,5
14117018,,3.0,3,11.0,5,1,1,0,1
14123811,2.0,3.0,4,6.0,6,1,1,0,9
14131028,,1.0,4,10.0,2,1,2,0,3
14132780,,1.0,5,6.0,4,1,1,0,1
14132912,,3.0,6,8.0,1,1,1,1,1
14132959,1.0,2.0,2,9.0,1,0,1,0,3
14133666,,4.0,3,6.0,7,1,1,0,2
14137949,,1.0,2,2.0,3,1,1,0,1
14138820,,3.0,4,11.0,4,0,1,0,12
14141780,,1.0,6,5.0,5,1,1,0,3
14143301,,2.0,4,7.0,7,1,1,0,2
14145888,,1.0,2,11.0,5,0,1,0,2
14147935,,1.0,2,3.0,6,1,1,0,1
14153842,,1.0,3,10.0,3,1,1,1,2
14154306,,3.0,2,4.0,1,0,1,0,4
14154447,,2.0,3,6.0,2,1,1,0,4
14155490,,1.0,5,6.0,5,1,1,0,4
14157132,,3.0,4,6.0,5,1,1,0,6
14164180,,1.0,3,7.0,7,1,1,0,1
14172746,,3.0,3,7.0,4,1,1,0,2
14178328,,3.0,3,8.0,7,1,1,0,1
14179120,,1.0,3,6.0,2,0,1,0,1
14185908,,3.0,2,5.0,5,1,1,0,1
14187234,,4.0,2,6.0,2,0,1,0,1
14187859,,1.0,4,8.0,5,1,1,0,1
14192833,,3.0,2,4.0,6,1,1,0,1
14194311,,1.0,2,8.0,7,1,1,0,1
14195344,,1.0,2,8.0,5,0,1,0,1
14198496,,3.0,2,5.0,3,0,1,0,1
14204740,,4.0,6,6.0,7,1,1,0,1
14215342,,3.0,1,6.0,5,0,1,0,1
14217013,,2.0,2,3.0,4,0,1,0,12
14217173,,1.0,5,7.0,5,1,1,0,3
14219645,,3.0,4,11.0,7,1,1,0,7
14221447,4.0,1.0,3,3.0,1,0,1,1,6
14225358,,1.0,3,10.0,4,1,1,0,8
14228319,,4.0,2,8.0,1,0,1,1,3
14230174,,2.0,3,7.0,5,1,1,0,1
14230193,4.0,3.0,4,8.0,7,1,1,1,2
14233397,2.0,1.0,4,2.0,5,1,1,0,1
14237210,,2.0,3,6.0,7,1,1,0,3
14242556,,2.0,2,9.0,2,1,1,0,1
14244046,,1.0,5,9.0,7,1,1,0,1
14245835,,3.0,2,4.0,5,0,1,0,1
14247595,,3.0,2,11.0,5,0,1,0,1
14248171,,4.0,5,7.0,7,1,1,0,3
14250667,,1.0,2,7.0,7,0,1,0,2
14251015,,4.0,4,3.0,5,0,1,0,6
14251740,,4.0,3,7.0,7,1,1,0,2
14257933,,4.0,2,6.0,2,0,1,0,1
14262825,,4.0,5,11.0,3,1,1,1,5
14265282,,3.0,4,10.0,7,1,1,1,2
14270731,2.0,3.0,5,8.0,6,1,1,0,1
14274127,,3.0,6,8.0,6,1,1,0,1
14275452,4.0,2.0,2,9.0,5,0,1,0,2
14276485,,4.0,2,5.0,7,1,1,0,1
14285468,,4.0,3,8.0,7,1,1,0,4
14291789,,1.0,3,7.0,5,1,1,0,4
14293040,,4.0,2,11.0,6,0,1,0,6
14294636,,3.0,2,11.0,1,0,1,0,1
14294918,,2.0,5,4.0,1,1,1,0,6
14297707,,2.0,4,8.0,2,1,2,0,1
14298487,,4.0,2,11.0,6,0,1,0,1
14301111,,1.0,2,6.0,7,1,1,0,9
14301615,,2.0,5,5.0,5,1,1,0,4
14302722,,3.0,2,10.0,5,1,1,0,1
14304195,,3.0,2,2.0,1,1,1,1,7
14316904,,1.0,4,8.0,7,1,1,0,5
14317843,,4.0,2,5.0,7,0,1,0,1
14318542,,1.0,2,7.0,5,0,1,0,2
14318812,,3.0,3,3.0,4,0,1,0,2
14320068,,3.0,2,7.0,4,0,1,0,1
14321781,,4.0,3,8.0,5,1,2,1,2
14322037,,2.0,2,5.0,6,1,1,0,3
14322960,,3.0,2,2.0,1,1,1,0,1
14324779,,2.0,5,6.0,6,1,1,0,1
14326188,,1.0,2,3.0,1,0,1,0,2
14327542,,3.0,4,4.0,5,1,1,0,1
14328134,,3.0,4,4.0,7,1,1,0,2
14330913,,1.0,2,5.0,3,1,1,0,1
14342652,,1.0,4,10.0,3,1,1,0,1
14343848,,4.0,6,8.0,6,1,1,0,4
14347985,,4.0,2,8.0,4,0,1,0,1
14351059,,3.0,3,9.0,7,1,1,0,6
14353339,,1.0,2,3.0,1,0,1,0,1
14353341,,3.0,2,8.0,7,0,1,0,21
14357222,,3.0,4,6.0,4,1,2,0,3
14358491,,4.0,2,11.0,2,0,1,0,1
14360353,5.0,4.0,4,9.0,2,1,1,0,1
14360923,,3.0,2,6.0,5,1,1,1,1
14360997,,3.0,3,10.0,7,1,1,0,1
14361304,2.0,2.0,3,7.0,7,1,3,0,3
14361493,,4.0,2,4.0,4,1,1,0,2
14363325,,2.0,3,11.0,7,1,1,0,3
14364580,,3.0,5,7.0,7,1,1,0,1
14364757,,1.0,3,8.0,1,1,1,0,1
14366333,,3.0,3,10.0,5,1,1,1,3
14368022,,3.0,2,11.0,2,0,1,1,3
14369061,,1.0,5,4.0,4,0,1,0,1
14370119,,4.0,2,5.0,7,1,1,1,1
14370161,,2.0,5,5.0,6,1,1,1,1
14370809,,3.0,2,8.0,4,0,1,0,1
14371056,,3.0,2,6.0,7,1,1,0,3
14371925,,4.0,3,7.0,1,1,1,0,4
14374495,,2.0,5,6.0,7,1,1,0,4
14374817,,1.0,3,8.0,2,1,1,1,9
14375724,,2.0,1,5.0,1,0,1,0,1
14376090,,4.0,2,4.0,2,0,1,0,6
14378884,,4.0,3,9.0,4,1,1,0,2
14379475,,3.0,2,4.0,3,1,1,0,2
14380248,,2.0,3,4.0,1,1,1,1,2
14381504,,3.0,4,7.0,5,1,1,1,2
14382478,,4.0,4,7.0,7,1,1,0,1
14382702,,2.0,3,4.0,5,1,1,0,3
14383821,,2.0,2,4.0,6,0,1,0,1
14384575,,2.0,3,9.0,4,1,1,0,1
14385942,,1.0,4,8.0,7,1,1,0,1
14386439,,1.0,2,8.0,5,1,1,0,4
14386909,,4.0,3,11.0,1,1,3,0,3
14387077,,1.0,1,7.0,5,0,1,0,1
14387399,,3.0,2,5.0,3,0,1,1,5
14391031,,3.0,2,5.0,3,0,1,0,1
14391185,3.0,1.0,2,9.0,5,0,5,1,4
14391220,,1.0,5,6.0,6,1,1,0,2
14392126,,1.0,3,8.0,4,1,1,0,2
14398862,,1.0,4,4.0,1,0,1,0,2
14398953,,3.0,3,10.0,5,1,1,0,1
14400511,,1.0,2,9.0,7,0,1,1,2
14402927,,4.0,4,11.0,3,1,1,0,3
14405308,,2.0,3,10.0,7,1,1,1,1
14406045,1.0,2.0,4,6.0,3,1,1,0,2
14406581,1.0,2.0,3,11.0,5,0,1,0,31
14407063,2.0,4.0,2,4.0,5,0,1,1,1
14409877,,1.0,2,7.0,4,0,1,1,2
14410622,,1.0,4,10.0,5,1,1,0,1
14411252,,3.0,2,2.0,2,0,1,0,1
14411349,,3.0,4,6.0,5,1,1,0,12
14411385,1.0,1.0,2,6.0,1,0,1,0,29
14411457,,3.0,2,5.0,5,1,1,0,3
14411485,1.0,1.0,5,8.0,4,1,1,0,1
14411627,,1.0,2,5.0,5,1,1,0,1
14411746,,1.0,2,5.0,6,0,1,0,2
14412756,,2.0,1,4.0,5,0,1,0,1
14413342,,2.0,6,10.0,7,1,1,0,1
14413407,,1.0,5,10.0,1,1,1,0,2
14413796,,4.0,2,7.0,6,0,1,1,2
14413830,,4.0,3,3.0,2,1,1,0,1
14415049,,2.0,4,9.0,7,0,1,0,6
14415182,,3.0,4,6.0,5,1,1,0,10
14415566,,1.0,2,11.0,1,1,1,1,17
14416774,,3.0,2,4.0,7,1,1,0,4
14417044,,1.0,3,3.0,1,1,1,1,1
14417168,,2.0,1,7.0,5,0,1,0,1
14417713,,4.0,2,8.0,7,0,1,0,5
14420968,,2.0,6,9.0,5,1,1,0,2
14421036,,3.0,3,10.0,6,1,1,0,1
14421038,,4.0,4,8.0,7,1,3,0,4
14421156,,4.0,2,7.0,7,0,1,0,50
14421204,,1.0,6,2.0,1,1,1,0,8
14422051,,3.0,1,3.0,1,0,1,0,8
14422126,4.0,2.0,4,7.0,3,0,1,1,2
14422550,,4.0,2,2.0,1,1,1,0,2
14422626,2.0,1.0,3,3.0,2,1,1,0,8
14422887,,2.0,5,11.0,1,1,1,0,1
14422896,,2.0,4,11.0,4,1,1,0,1
14423743,2.0,3.0,1,3.0,1,0,1,0,10
14423807,,2.0,4,4.0,6,1,1,0,27
14423998,,4.0,4,8.0,7,1,1,0,10
14424301,,2.0,2,8.0,5,1,1,0,37
14424930,,2.0,2,10.0,6,1,1,0,1
14426028,,1.0,5,6.0,5,1,1,0,8
14426369,,1.0,2,10.0,1,1,1,0,11
14426395,,2.0,5,10.0,5,1,1,0,2
14427132,,2.0,2,10.0,2,1,1,0,1
14427214,,3.0,3,10.0,1,1,1,1,1
14428629,,1.0,4,5.0,5,1,1,0,29
14429002,,1.0,2,8.0,6,1,1,0,2
14429556,,3.0,2,6.0,7,0,1,0,2
14431437,,3.0,2,4.0,4,0,1,0,1
14432843,,3.0,2,8.0,2,0,1,1,5
14433619,,4.0,3,7.0,3,1,1,0,8
14433877,,3.0,4,4.0,2,1,1,0,2
14434939,,1.0,4,4.0,7,1,1,0,4
14435212,,1.0,1,7.0,5,0,1,0,2
14435360,,4.0,4,6.0,4,1,1,0,1
14436303,,2.0,2,7.0,6,1,1,0,1
14436529,,1.0,2,8.0,6,1,1,1,1
14436544,,1.0,2,8.0,3,0,1,0,1
14440498,,3.0,2,8.0,7,0,1,0,2
14440790,,3.0,2,11.0,3,0,1,0,1
14441670,,1.0,2,7.0,4,0,1,0,1
14441718,,1.0,4,8.0,3,1,1,0,1
14442116,,1.0,2,7.0,3,0,1,1,4
14442552,,1.0,2,11.0,7,0,2,1,1
14443891,,2.0,2,6.0,7,0,1,0,7
14444486,,1.0,4,9.0,3,1,1,0,2
14444607,,4.0,2,8.0,7,0,1,0,5
14445806,4.0,3.0,1,7.0,6,0,1,0,1
14448896,,1.0,4,11.0,3,0,2,1,5
14448937,2.0,2.0,2,7.0,6,0,1,0,6
14450549,1.0,1.0,2,8.0,3,0,1,1,9
14451452,1.0,1.0,2,11.0,7,0,1,0,4
14453906,,1.0,5,6.0,4,1,1,0,2
14455775,,3.0,3,11.0,1,1,1,0,3
14464285,,4.0,3,8.0,7,1,1,0,18
14468934,,3.0,6,7.0,6,1,1,0,47
14471089,,1.0,1,5.0,7,0,1,0,2
14471876,,1.0,2,5.0,5,1,1,0,2
14472095,,3.0,2,10.0,1,1,1,0,1
14473557,,3.0,2,9.0,7,0,1,0,2
14476344,,3.0,3,5.0,4,1,1,1,4
14476817,,3.0,4,5.0,7,1,1,0,4
14477091,,3.0,2,3.0,4,0,1,1,5
14477558,,3.0,5,7.0,5,1,1,0,2
14481627,,3.0,1,4.0,6,0,1,0,2
14486617,,1.0,2,5.0,3,0,1,0,9
14489861,,2.0,1,6.0,6,0,1,0,1
14496169,,2.0,3,8.0,6,1,1,0,15
14497939,,3.0,4,9.0,1,1,1,1,3
14498372,,1.0,2,7.0,7,0,1,0,1
14499374,,3.0,3,8.0,7,1,1,0,1
14501034,,1.0,4,7.0,6,1,1,1,2
14507038,,4.0,2,5.0,6,1,1,0,2
14507693,,1.0,3,5.0,5,1,1,1,4
14508210,,4.0,4,8.0,6,1,1,0,2
14509940,,3.0,2,10.0,5,0,1,0,5
14510347,,3.0,4,7.0,7,1,1,0,1
14510536,,2.0,3,4.0,3,1,1,0,2
14511363,2.0,2.0,2,4.0,1,1,1,0,1
14511668,2.0,2.0,3,8.0,6,1,1,0,3
14512267,,3.0,2,4.0,5,1,1,0,16
14512326,,4.0,5,6.0,5,1,1,1,1
14513431,,1.0,2,3.0,5,1,1,1,1
14513561,,3.0,2,6.0,3,1,1,0,1
14516697,,2.0,3,4.0,5,1,1,0,1
14519003,,4.0,1,5.0,6,0,1,0,1
14519980,,3.0,4,7.0,7,1,1,0,1
14520038,,1.0,4,7.0,7,1,1,1,2
14521078,,4.0,2,6.0,5,0,1,0,1
14522246,,3.0,6,10.0,7,1,1,0,1
14522799,,3.0,3,7.0,3,1,1,0,1
14523607,,4.0,3,6.0,7,1,1,0,1
14523822,,3.0,5,8.0,7,1,1,1,1
14524510,,2.0,4,9.0,7,1,1,0,1
14526161,,1.0,4,8.0,5,1,1,0,1
14526760,,2.0,4,8.0,6,1,1,0,2
14527030,,3.0,5,6.0,4,1,1,0,1
14527144,,3.0,3,6.0,6,1,1,0,8
14528071,,1.0,5,8.0,5,1,1,0,1
14528690,,3.0,2,8.0,6,0,3,0,2
14529232,,3.0,2,9.0,3,0,1,0,3
14529784,,2.0,4,7.0,4,0,1,1,4
14529876,,3.0,3,6.0,3,1,1,0,1
14533147,,1.0,2,5.0,3,0,1,0,14
14534344,2.0,4.0,5,6.0,3,1,1,1,4
14536240,,3.0,2,7.0,1,1,2,0,1
14536954,,3.0,4,8.0,4,1,1,0,2
14537165,,4.0,4,5.0,2,1,1,1,1
14537463,,1.0,3,9.0,7,1,1,0,7
14538423,,4.0,2,8.0,5,0,1,0,9
14538708,,4.0,2,9.0,5,1,1,0,8
14538709,,2.0,4,6.0,6,1,1,0,2
14540092,2.0,2.0,3,7.0,7,1,1,0,43
14540585,,2.0,3,9.0,7,1,1,0,2
14540615,,1.0,3,5.0,1,1,1,0,1
14540860,,4.0,6,6.0,6,1,3,0,1
14541616,,3.0,6,3.0,3,1,1,1,1
14541915,,2.0,5,6.0,7,1,1,0,6
14541952,,4.0,2,5.0,7,1,1,0,3
14541953,,2.0,4,3.0,5,1,1,0,1
14542131,,1.0,4,4.0,6,1,1,0,1
14542224,,1.0,1,6.0,5,0,1,0,3
14542810,,2.0,4,9.0,5,1,1,1,1
14543629,,2.0,3,5.0,5,1,1,0,1
14543656,,1.0,3,2.0,6,1,1,1,6
14544136,,1.0,2,6.0,5,0,1,0,3
14544185,4.0,4.0,6,8.0,2,1,3,0,1
14544513,,3.0,3,8.0,3,1,1,0,4
14544752,,2.0,4,6.0,1,1,1,0,6
14544983,,3.0,3,9.0,5,1,1,0,5
14545020,,1.0,2,7.0,4,0,1,0,2
14546004,,2.0,5,9.0,1,1,2,1,5
14546737,,3.0,4,11.0,1,1,1,0,1
14546988,,2.0,2,5.0,1,0,1,0,3
14547210,,3.0,3,9.0,7,0,1,0,2
14547849,4.0,2.0,5,4.0,7,0,1,0,1
14548019,,1.0,4,7.0,7,1,1,0,2
14548938,,4.0,2,6.0,4,1,1,1,3
14549265,4.0,1.0,5,6.0,3,1,1,0,1
14549584,,3.0,3,4.0,5,1,1,0,12
14549633,4.0,1.0,2,7.0,7,0,1,0,2
14550304,,3.0,3,8.0,6,1,1,1,1
14550354,,4.0,4,9.0,1,0,1,0,9
14551023,5.0,4.0,3,11.0,1,1,1,0,1
14551295,,2.0,2,4.0,7,0,1,0,1
14552096,,3.0,3,6.0,5,1,1,1,1
14552286,,4.0,2,4.0,5,1,1,1,1
14553710,2.0,4.0,1,8.0,2,0,1,0,2
14554070,,1.0,2,5.0,7,0,1,0,13
14556107,,3.0,4,7.0,7,1,1,0,1
14556455,,2.0,5,10.0,6,1,1,0,1
14556935,5.0,4.0,1,6.0,5,0,1,1,1
14556999,,1.0,5,9.0,7,1,1,0,1
14557204,,3.0,3,11.0,7,1,1,0,5
14557405,,1.0,5,6.0,7,1,1,0,2
14557455,,1.0,2,10.0,7,0,1,0,3
14557540,,2.0,6,6.0,6,1,1,0,4
14557639,,4.0,2,11.0,4,0,1,0,2
14558770,,1.0,5,6.0,5,1,1,0,1
14559507,,1.0,2,6.0,3,0,1,0,4
14559596,,4.0,2,10.0,5,1,1,0,13
14560018,,3.0,2,7.0,5,1,1,0,2
14560831,1.0,3.0,2,5.0,4,0,1,0,1
14560934,,3.0,6,4.0,1,1,1,0,1
14561320,,4.0,5,10.0,6,1,1,0,1
14563734,,3.0,5,5.0,7,1,1,1,1
14563861,,1.0,2,8.0,5,1,1,0,1
14568273,,4.0,2,8.0,4,0,1,1,5
14569042,1.0,2.0,4,7.0,6,1,1,0,1
14569697,,2.0,2,10.0,6,1,1,0,1
14570367,,1.0,3,9.0,5,1,1,0,3
14572326,,2.0,4,7.0,5,1,1,0,1
14573031,1.0,3.0,3,3.0,6,1,1,0,3
14573280,,1.0,3,11.0,1,1,1,0,1
14573358,,4.0,2,7.0,4,0,1,1,2
14573427,,2.0,2,6.0,3,0,1,1,1
14576008,,3.0,2,11.0,5,0,1,0,16
14577814,2.0,4.0,3,4.0,5,1,1,1,1
14578202,,4.0,3,8.0,6,1,1,0,1
14578634,,1.0,3,9.0,7,1,1,0,3
14578904,,3.0,3,10.0,4,1,1,0,2
14579283,,3.0,4,7.0,6,1,1,0,1
14579358,,3.0,6,9.0,5,1,1,0,21
14580566,,3.0,5,6.0,4,1,1,0,1
14580605,,4.0,4,4.0,7,1,1,0,3
14580808,1.0,3.0,3,6.0,5,1,2,0,2
14580983,,1.0,4,3.0,7,1,1,0,1
14581078,,2.0,4,6.0,7,1,2,1,9
14581187,,3.0,4,8.0,1,1,1,1,1
14581377,1.0,1.0,2,6.0,5,1,3,0,9
14581517,,3.0,5,6.0,5,1,1,0,1
14581602,,1.0,1,7.0,6,0,1,0,1
14581934,,1.0,2,7.0,1,1,1,0,1
14582286,,1.0,3,6.0,6,1,1,0,9
14582304,,2.0,4,4.0,5,1,1,0,5
14582893,,2.0,2,4.0,5,0,1,0,3
14583407,,3.0,5,6.0,2,1,1,1,2
14583482,,3.0,3,5.0,6,1,1,0,4
14584037,,1.0,3,9.0,6,1,1,0,7
14584305,,1.0,1,4.0,4,0,1,0,2
14584414,,1.0,2,10.0,5,0,1,0,8
14584848,,2.0,5,7.0,5,1,1,0,1
14585055,,1.0,3,10.0,5,1,1,0,1
14585073,,2.0,1,4.0,4,0,1,1,1
14585094,,2.0,2,3.0,5,1,1,0,1
14586722,,3.0,5,9.0,7,1,1,0,1
14587761,,2.0,3,7.0,7,1,1,0,1
14588795,2.0,2.0,2,4.0,3,0,1,1,1
14589112,,2.0,3,8.0,1,1,1,1,2
14589179,,3.0,2,6.0,6,0,1,0,1
14590100,,4.0,5,6.0,6,1,1,0,1
14590390,,4.0,2,4.0,1,0,1,0,1
14591430,,4.0,6,10.0,7,1,1,0,5
14592106,,4.0,2,11.0,6,0,1,0,1
14592340,,1.0,4,7.0,4,1,2,0,1
14592821,,2.0,2,5.0,4,0,1,0,3
14592856,,4.0,4,6.0,6,1,1,0,2
14592901,,4.0,3,6.0,7,1,1,0,1
14593127,,2.0,6,4.0,4,1,1,0,1
14593672,,1.0,5,8.0,4,1,1,0,2
14594414,1.0,3.0,3,8.0,7,1,1,0,1
14594732,,2.0,4,8.0,7,1,1,0,1
14596347,,2.0,5,11.0,5,1,1,0,3
14596708,,2.0,4,11.0,7,1,1,0,1
14597397,2.0,4.0,4,8.0,1,1,1,1,4
14598266,4.0,2.0,4,8.0,7,1,1,0,1
14598351,,2.0,5,7.0,6,1,1,0,1
14599226,,2.0,1,9.0,7,0,1,0,1
14599972,,1.0,3,9.0,5,1,1,0,2
14601065,2.0,1.0,3,7.0,7,1,1,1,2
14601071,,3.0,6,5.0,7,1,1,0,1
14601103,,2.0,6,11.0,3,1,1,1,2
14601185,,1.0,5,6.0,7,1,1,0,2
14601242,5.0,3.0,2,7.0,5,0,1,0,1
14601304,,2.0,2,11.0,2,0,1,0,3
14601483,,1.0,6,5.0,2,1,1,0,3
14601751,,3.0,4,7.0,4,1,1,0,5
14601856,,2.0,5,6.0,5,1,1,0,3
14603450,,4.0,2,4.0,6,0,1,1,5
14603463,,1.0,1,7.0,1,0,2,0,2
14605098,2.0,2.0,5,7.0,7,1,1,0,2
14605324,,4.0,4,8.0,7,1,1,0,1
14606799,,3.0,4,8.0,4,1,1,0,15
14607937,,1.0,2,4.0,1,1,1,1,2
14608251,,3.0,2,4.0,6,0,1,1,1
14608945,,3.0,4,6.0,1,0,1,0,1
14609054,5.0,3.0,2,11.0,6,1,1,1,9
14612043,4.0,2.0,5,8.0,7,1,1,0,4
14614307,,3.0,2,11.0,2,0,1,1,2
14615255,4.0,1.0,2,5.0,6,1,1,0,1
14615280,,1.0,5,8.0,6,1,1,1,1
14616040,,1.0,4,8.0,3,1,1,1,1
14616208,,1.0,4,8.0,2,1,1,0,2
14618236,,3.0,2,9.0,3,0,1,0,2
14619136,,2.0,3,3.0,5,1,1,0,1
14620219,,4.0,3,9.0,5,1,1,0,1
14621077,4.0,1.0,4,7.0,6,1,1,0,33
14621274,,3.0,3,2.0,2,1,1,0,3
14621501,,1.0,2,6.0,3,0,1,0,4
14622604,4.0,3.0,5,4.0,4,1,1,0,1
14622852,,4.0,3,6.0,7,1,1,0,2
14625647,,3.0,2,8.0,7,1,1,0,1
14626094,,2.0,2,9.0,2,0,1,0,2
14626684,1.0,1.0,2,6.0,7,0,1,0,2
14627089,,2.0,1,11.0,2,0,1,0,5
14627429,,1.0,2,11.0,7,0,1,0,4
14627684,,2.0,5,6.0,3,1,1,0,1
14627782,,2.0,5,9.0,5,1,1,0,12
14627791,1.0,2.0,5,7.0,5,1,1,0,2
14627867,,3.0,3,11.0,1,1,1,1,1
14629131,,1.0,6,6.0,4,1,1,0,1
14630192,,2.0,3,6.0,3,1,1,0,2
14630526,,2.0,4,9.0,3,1,1,0,2
14630596,,1.0,3,10.0,4,1,1,0,16
14631143,,3.0,4,10.0,5,1,1,0,2
14632094,,2.0,5,6.0,3,1,1,0,2
14632191,2.0,2.0,5,8.0,7,1,1,0,2
14632997,,2.0,3,3.0,2,1,1,1,15
14633441,,1.0,3,9.0,7,1,1,0,1
14635047,,3.0,4,7.0,6,1,1,0,2
14636545,,1.0,2,10.0,6,0,1,0,1
14636828,4.0,3.0,6,6.0,6,1,1,0,1
14637372,,4.0,3,11.0,5,1,1,0,5
14637466,,4.0,2,3.0,5,1,1,1,2
14638663,,1.0,5,6.0,7,1,1,0,1
14639244,,3.0,5,10.0,6,1,1,0,1
14639373,,2.0,5,9.0,6,1,1,1,62
14640272,,2.0,2,8.0,7,0,1,0,6
14640374,,4.0,2,11.0,7,0,5,0,1
14640422,,1.0,5,9.0,5,1,1,0,2
14642064,,2.0,4,11.0,7,1,1,0,2
14642301,4.0,2.0,4,5.0,5,1,1,0,2
14643196,,2.0,2,11.0,4,1,1,0,1
14643645,,3.0,4,10.0,3,1,1,0,1
14644211,,2.0,3,7.0,6,1,1,0,4
14644859,,2.0,3,7.0,6,1,1,0,4
14644882,,2.0,5,7.0,2,1,1,0,1
14645639,,2.0,2,3.0,4,1,1,0,1
14647151,,2.0,2,8.0,4,1,1,0,2
14649067,5.0,4.0,2,11.0,2,0,1,1,2
14649163,,1.0,2,2.0,2,0,1,0,8
14649229,5.0,4.0,2,8.0,5,1,1,1,1
14650547,,1.0,2,7.0,7,1,1,0,1
14650887,,2.0,3,4.0,5,1,1,0,1
14652278,,4.0,4,8.0,4,1,1,0,8
14652957,,1.0,2,10.0,7,1,1,0,1
14653456,,3.0,5,1.0,7,1,1,0,1
14654233,,3.0,4,6.0,6,1,1,0,1
14655105,,3.0,6,8.0,7,1,1,0,2
14656706,2.0,1.0,4,8.0,7,1,1,0,1
14656873,,3.0,3,10.0,7,1,1,0,2
14659616,,3.0,5,3.0,1,1,1,1,3
14659750,1.0,2.0,2,5.0,5,1,1,0,2
14659968,,1.0,5,6.0,1,1,1,0,3
14664067,,1.0,2,6.0,5,0,1,0,5
14665376,,4.0,2,5.0,1,0,1,0,10
14665591,,1.0,4,9.0,6,1,1,0,1
14666121,,3.0,2,11.0,1,0,1,0,2
14666753,,2.0,4,6.0,6,1,1,0,1
14667487,2.0,3.0,6,1.0,1,1,1,0,3
14674012,,4.0,3,8.0,7,1,1,1,5
14674981,,3.0,4,9.0,7,0,1,1,1
14675597,,4.0,2,4.0,7,0,1,0,1
14676266,,4.0,1,3.0,7,0,1,0,1
14678741,,1.0,1,7.0,2,0,1,0,6
14678746,,3.0,3,11.0,5,1,1,0,1
14679464,,1.0,2,5.0,5,0,1,0,1
14682331,1.0,2.0,6,8.0,5,1,1,0,1
14683154,,1.0,4,7.0,1,1,1,1,1
14683422,,4.0,2,4.0,1,1,1,0,5
14686843,,4.0,5,8.0,7,1,1,0,8
14689983,,3.0,3,7.0,2,1,1,0,1
14691323,,2.0,3,11.0,5,1,1,0,5
14691663,,2.0,2,7.0,5,0,1,0,2
14693984,,3.0,4,7.0,5,1,5,1,5
14693996,,3.0,4,3.0,3,1,1,0,1
14694499,,3.0,3,6.0,7,1,1,0,1
14694607,,2.0,6,10.0,5,1,1,0,2
14703187,,1.0,3,5.0,7,1,1,0,6
14703454,,3.0,4,4.0,6,0,1,0,1
14703528,,2.0,6,8.0,7,1,1,0,1
14705591,,1.0,2,5.0,5,0,1,0,4
14707622,,1.0,4,8.0,7,1,1,0,1
14711634,,3.0,2,8.0,1,1,1,0,1
14714507,,1.0,1,7.0,7,0,1,0,6
14718447,,2.0,4,9.0,6,1,1,0,2
14727270,,1.0,3,10.0,7,1,1,0,1
14727522,,2.0,3,2.0,3,0,1,0,2
14729691,,1.0,3,6.0,6,1,1,0,2
14732861,,3.0,4,9.0,7,1,1,0,2
14734748,2.0,2.0,4,8.0,7,1,1,0,1
14739676,,4.0,3,5.0,4,1,1,0,1
14742579,1.0,3.0,3,5.0,5,1,1,0,3
14745162,,4.0,2,9.0,5,0,1,0,6
14746141,,4.0,2,3.0,1,0,1,0,1
14753195,,3.0,3,8.0,4,1,1,0,1
14756462,,1.0,4,3.0,2,1,1,0,2
14757362,,4.0,3,9.0,5,1,1,0,1
14758017,1.0,1.0,2,8.0,7,0,1,0,1
14762114,,3.0,3,7.0,6,1,1,0,3
14765820,,2.0,3,4.0,3,1,1,0,3
14767264,,1.0,3,9.0,5,1,1,0,1
14772090,,2.0,1,9.0,5,0,1,0,2
14774735,,3.0,2,6.0,7,1,1,0,1
14775413,,2.0,2,8.0,5,0,1,0,1
14777298,,3.0,5,10.0,7,1,1,0,2
14777748,,2.0,3,3.0,1,0,1,0,1
14782603,,1.0,5,4.0,2,1,1,0,1
14783260,,3.0,2,5.0,3,1,1,0,1
14783697,,4.0,3,4.0,7,1,1,0,1
14789204,,4.0,5,6.0,5,1,1,0,2
14790068,2.0,2.0,2,7.0,7,1,1,1,1
14792891,2.0,4.0,2,3.0,3,0,1,0,1
14795768,,4.0,2,4.0,5,0,1,1,15
14796973,,1.0,2,3.0,3,0,1,0,3
14799955,,1.0,4,9.0,6,1,1,0,2
14802785,,2.0,2,9.0,6,1,1,0,4
14804444,,1.0,1,6.0,3,0,1,0,1
14810118,,3.0,2,6.0,1,0,2,0,1
14810363,,1.0,3,11.0,6,1,1,0,1
14815108,1.0,4.0,3,8.0,7,1,1,0,16
14816437,1.0,3.0,2,11.0,3,0,1,0,2
14821754,,1.0,5,11.0,6,1,1,0,1
14821967,,3.0,2,6.0,5,1,1,0,1
14823903,,3.0,5,7.0,7,1,1,0,3
14825371,,4.0,3,8.0,4,1,1,0,28
14825873,,3.0,2,4.0,2,0,1,0,4
14826322,,1.0,1,6.0,3,0,1,0,6
14827534,,3.0,3,11.0,5,1,1,0,46
14828802,,2.0,2,7.0,1,1,1,0,1
14830820,,4.0,4,6.0,1,1,1,0,8
14831209,,1.0,4,6.0,6,1,1,1,1
14831712,,2.0,4,9.0,7,1,1,0,1
14832262,,3.0,5,10.0,1,1,1,0,1
14835098,,4.0,5,6.0,4,1,1,1,2
14836483,,4.0,2,7.0,7,1,1,0,4
14836643,,4.0,3,11.0,7,1,1,0,1
14837828,,2.0,4,7.0,7,1,1,0,11
14840222,,2.0,2,11.0,4,1,1,0,2
14842189,2.0,4.0,2,6.0,2,0,1,1,2
14846250,1.0,1.0,3,7.0,6,1,1,0,2
14853300,,3.0,5,6.0,3,0,1,1,4
14854328,,3.0,3,9.0,6,1,1,0,1
14854756,,4.0,4,11.0,1,1,1,0,1
14856019,,4.0,4,7.0,7,1,1,0,1
14856817,,1.0,2,6.0,4,1,1,0,3
14862118,4.0,4.0,3,4.0,4,1,1,0,1
14871929,,1.0,2,7.0,5,0,1,0,3
14873863,,1.0,5,7.0,5,1,1,0,1
14874521,,1.0,3,9.0,6,1,1,0,1
14876479,,3.0,3,3.0,1,1,1,0,4
14877462,,3.0,6,5.0,5,1,1,1,2
14880337,,2.0,3,9.0,5,1,1,1,17
14889288,,4.0,2,6.0,4,0,1,0,56
14889936,,3.0,3,11.0,2,1,1,0,1
14895051,,4.0,2,9.0,7,0,1,0,9
14895791,,1.0,4,9.0,5,1,1,0,3
14896850,,3.0,2,4.0,3,0,1,1,1
14897813,,4.0,4,5.0,4,1,1,0,1
14898251,,4.0,3,10.0,1,1,1,0,8
14898473,4.0,1.0,6,11.0,5,1,1,0,2
14899492,,3.0,4,6.0,6,1,1,0,1
14901115,,2.0,3,8.0,6,1,1,0,1
14901543,2.0,2.0,2,5.0,3,1,1,0,2
14901600,,4.0,3,5.0,7,1,1,0,6
14902409,,2.0,6,9.0,6,1,1,1,1
14902552,,2.0,2,11.0,3,1,1,0,1
14906216,,4.0,3,9.0,7,1,1,0,1
14909153,2.0,4.0,2,8.0,7,1,1,0,1
14909447,,3.0,3,7.0,7,1,1,0,1
14913355,,3.0,4,7.0,7,1,1,0,1
14913665,,1.0,2,6.0,5,1,1,0,1
14919680,,4.0,2,7.0,7,0,3,0,5
14919759,,4.0,1,4.0,6,0,1,0,5
14919770,4.0,1.0,3,7.0,6,1,1,0,1
14919786,2.0,3.0,4,8.0,1,1,1,0,7
14922410,,1.0,2,6.0,1,1,1,0,2
14924813,,2.0,5,6.0,2,1,1,0,2
14925172,,3.0,4,7.0,5,1,1,0,24
14927770,,1.0,2,11.0,6,0,1,0,2
14929481,,2.0,3,4.0,1,1,1,0,1
14945791,,4.0,2,11.0,3,1,1,0,3
14947985,,4.0,2,11.0,1,0,1,0,3
14948437,,4.0,3,5.0,7,1,1,0,1
14949000,,1.0,2,4.0,4,0,1,0,1
14949187,,2.0,2,8.0,6,1,1,0,7
14949231,,2.0,2,9.0,6,0,1,0,2
14950094,,4.0,1,11.0,1,0,1,0,2
14952591,,2.0,3,9.0,6,1,1,0,1
14953674,,3.0,2,6.0,5,1,1,0,3
14954071,,4.0,4,9.0,6,1,1,0,5
14955075,,2.0,2,4.0,1,0,1,0,1
14955321,,4.0,3,8.0,5,1,1,0,4
14957692,4.0,1.0,3,9.0,6,1,1,1,2
14957983,,3.0,3,5.0,6,0,1,0,32
14962875,,4.0,3,3.0,5,1,1,1,1
14964030,,4.0,4,7.0,6,0,1,0,28
14976275,2.0,1.0,5,11.0,4,1,1,0,1
14976537,,3.0,4,6.0,7,1,1,0,6
14980305,,1.0,4,11.0,2,1,1,0,2
14980564,,1.0,3,4.0,7,1,1,0,1
14984419,,3.0,3,4.0,2,1,1,1,4
14985687,,3.0,4,5.0,6,1,1,0,1
14986156,,3.0,2,6.0,7,0,1,0,3
14987578,,1.0,3,9.0,5,1,1,0,3
14990574,,1.0,2,6.0,3,0,1,0,1
14990790,,3.0,4,7.0,7,1,1,0,3
14991933,,3.0,2,5.0,7,0,1,0,5
14992420,4.0,2.0,6,8.0,6,1,1,0,2
14992484,,3.0,3,6.0,5,1,1,0,1
14997346,,3.0,2,8.0,6,0,1,0,4
14999076,,1.0,3,11.0,2,1,1,0,2
14999854,,4.0,1,10.0,6,0,1,0,2
15005685,,1.0,1,5.0,3,0,1,1,2
15007844,,2.0,2,6.0,4,1,1,0,1
15009639,5.0,3.0,3,8.0,7,1,1,0,9
15009641,,3.0,5,5.0,5,0,1,0,2
15009797,,4.0,3,10.0,6,1,1,0,1
15010385,,3.0,2,4.0,4,0,1,0,2
15011799,,2.0,3,8.0,4,1,1,0,1
15012227,,3.0,1,5.0,1,0,1,0,2
15012493,,1.0,2,8.0,7,0,1,0,1
15014720,,3.0,3,8.0,6,1,1,1,3
15015450,,3.0,4,6.0,5,0,1,0,10
15016124,,3.0,2,4.0,3,1,1,0,1
15020223,5.0,1.0,2,8.0,4,0,1,1,5
15021398,,4.0,4,4.0,7,1,1,0,1
15022167,4.0,3.0,5,6.0,5,1,1,0,2
15026530,,2.0,3,6.0,6,0,1,0,58
15026564,,1.0,2,4.0,3,1,1,0,1
15028233,,3.0,4,4.0,7,1,1,0,1
15032234,,2.0,4,7.0,6,1,1,0,1
15033420,,1.0,2,4.0,6,0,1,0,1
15034058,,1.0,4,5.0,6,1,1,0,1
15034776,,3.0,4,7.0,7,1,1,0,3
15036569,,4.0,1,5.0,7,0,1,1,1
15037127,,3.0,3,8.0,6,1,1,0,1
15039133,,1.0,1,5.0,6,0,1,0,8
15041510,,2.0,3,6.0,7,1,1,1,1
15041932,,3.0,6,5.0,7,1,1,1,1
15050033,,1.0,3,7.0,5,1,1,0,7
15050085,1.0,1.0,3,7.0,7,1,1,0,6
15051798,,1.0,3,6.0,6,1,1,1,4
15051991,4.0,1.0,6,8.0,6,1,1,0,1
15053014,,3.0,3,4.0,6,1,1,0,1
15053417,,1.0,2,4.0,1,1,1,0,8
15053946,,3.0,4,5.0,7,1,1,0,1
15054076,,1.0,3,8.0,4,1,1,0,2
15054830,,3.0,5,6.0,7,1,1,0,3
15055777,4.0,4.0,3,6.0,5,1,1,0,3
15057275,,1.0,3,7.0,5,1,1,0,1
15060979,1.0,2.0,4,7.0,6,1,1,0,21
15061684,,1.0,4,7.0,6,1,1,0,1
15063029,,1.0,1,5.0,7,0,1,0,1
15064014,,4.0,3,9.0,7,1,1,0,1
15065120,,3.0,4,5.0,6,0,1,0,1
15066333,1.0,1.0,4,8.0,6,1,1,0,4
15069718,,2.0,2,6.0,5,1,1,1,7
15070740,,2.0,4,6.0,4,1,1,0,1
15071991,,1.0,2,5.0,7,0,1,0,2
15072022,,3.0,4,8.0,6,1,1,0,1
15072055,4.0,4.0,3,7.0,3,1,1,0,5
15073180,,3.0,2,5.0,5,1,1,0,1
15073704,,1.0,1,4.0,7,0,1,0,7
15073819,,3.0,3,9.0,3,1,2,0,1
15075420,,3.0,6,5.0,7,1,1,0,3
15076329,2.0,3.0,5,5.0,6,1,1,0,1
15079362,,1.0,2,4.0,1,0,1,0,2
15079621,,4.0,3,9.0,5,1,1,0,21
15082071,,2.0,6,5.0,5,1,1,0,1
15082673,,2.0,4,11.0,5,1,1,0,6
15085456,,3.0,3,8.0,3,0,1,0,4
15086795,,4.0,3,5.0,6,1,1,0,1
15087307,,2.0,3,7.0,7,1,1,0,2
15090549,,1.0,3,6.0,1,1,1,0,20
15094009,,2.0,4,9.0,6,0,1,0,1
15096400,,1.0,2,6.0,7,1,1,0,1
15098640,2.0,1.0,4,3.0,5,1,1,0,2
15102303,4.0,3.0,2,5.0,6,0,1,0,1
15103820,,4.0,4,11.0,2,1,1,0,19
15107485,,2.0,2,4.0,1,1,1,0,1
15107650,2.0,4.0,4,6.0,4,1,3,0,2
15110214,,1.0,5,9.0,4,1,1,0,2
15110982,1.0,3.0,4,4.0,7,1,1,0,3
15195214,4.0,1.0,2,8.0,1,0,1,0,1
15195529,,3.0,4,6.0,4,1,1,0,1
15196824,,1.0,4,9.0,7,1,1,1,1
15196982,,1.0,5,9.0,7,1,1,0,1
15197092,,1.0,4,9.0,5,1,1,0,1
15197136,,1.0,3,7.0,2,1,1,0,3
15198943,,1.0,2,11.0,4,0,1,0,17
15199618,,3.0,2,4.0,5,1,1,0,2
15200371,4.0,1.0,4,9.0,4,1,1,0,4
15200750,1.0,3.0,3,4.0,5,1,1,0,1
15202087,,3.0,4,5.0,5,1,1,0,4
15202147,,3.0,2,7.0,7,1,1,0,1
15203009,5.0,4.0,5,8.0,2,1,1,1,6
15203866,,1.0,2,10.0,1,0,1,0,2
15205005,,1.0,3,7.0,6,1,1,0,1
15206928,,4.0,5,6.0,5,1,1,0,30
15212871,,3.0,5,4.0,5,1,1,0,3
15213677,,1.0,3,8.0,5,1,1,0,1
15214040,,3.0,2,11.0,3,0,1,0,7
15215040,,4.0,2,2.0,6,1,1,0,3
15216034,,1.0,4,11.0,5,1,1,0,2
15216134,,4.0,2,4.0,3,1,1,0,1
15219685,,4.0,4,7.0,5,1,1,0,12
15220711,,2.0,5,9.0,7,1,1,0,3
15222702,,2.0,2,9.0,5,1,1,0,2
15223109,,1.0,2,6.0,4,0,1,0,4
15224389,,3.0,1,11.0,5,0,1,0,2
15225345,,1.0,4,2.0,2,1,2,0,4
15229067,,2.0,1,2.0,3,0,1,0,1
15230731,,3.0,2,7.0,6,0,1,0,1
15231805,4.0,2.0,4,7.0,5,1,1,0,3
15232748,,1.0,4,6.0,5,1,1,0,2
15235677,,1.0,2,11.0,5,1,1,0,2
15235910,,2.0,2,9.0,7,1,1,0,1
15236259,,1.0,4,8.0,5,1,1,0,5
15237282,,4.0,4,6.0,5,1,1,0,4
15241077,,4.0,2,6.0,6,1,1,0,6
15241188,,2.0,3,6.0,5,1,1,0,3
15242562,,2.0,3,6.0,5,1,1,0,3
15243464,,4.0,2,9.0,4,1,1,0,1
15247036,1.0,1.0,2,5.0,1,1,2,0,1
15248209,,2.0,4,4.0,7,0,1,0,2
15257683,,3.0,3,3.0,5,1,1,0,1
15257998,5.0,4.0,2,4.0,3,1,3,0,1
15259878,,4.0,1,11.0,1,0,1,0,2
15259931,,3.0,3,5.0,4,1,1,0,1
15261203,4.0,3.0,5,8.0,7,1,1,0,1
15263855,4.0,1.0,4,11.0,6,1,1,0,8
15263899,,4.0,3,9.0,6,1,1,0,2
15264631,,2.0,2,4.0,4,0,1,0,9
15264708,2.0,2.0,1,3.0,4,0,1,0,1
15267352,,3.0,6,11.0,5,1,1,0,1
15270559,1.0,3.0,2,6.0,6,1,1,0,5
15270987,1.0,4.0,3,9.0,6,1,1,0,9
15271078,2.0,4.0,3,7.0,6,1,1,0,1
15272193,2.0,3.0,3,5.0,5,1,1,0,4
15273412,2.0,4.0,3,6.0,6,1,1,0,1
15274470,5.0,4.0,6,11.0,4,1,1,1,3
15277503,,2.0,2,7.0,7,1,1,0,9
15281853,,1.0,3,4.0,5,1,1,0,11
15282184,,1.0,2,4.0,3,0,1,0,1
15285675,4.0,4.0,5,8.0,7,1,1,0,1
15288975,,4.0,3,6.0,5,0,1,0,1
15289614,2.0,1.0,4,6.0,6,1,1,0,6
15291901,,3.0,2,6.0,7,0,1,0,1
15293473,4.0,3.0,2,5.0,4,1,1,1,1
15293767,2.0,3.0,2,10.0,4,0,1,0,2
15296960,,1.0,4,5.0,5,1,1,0,1
15297405,,2.0,2,8.0,5,0,1,0,1
15298302,,3.0,1,6.0,5,0,1,0,2
15298350,,3.0,2,8.0,6,0,1,0,3
15298713,,3.0,2,7.0,1,1,1,0,6
15303607,,3.0,5,7.0,5,1,1,0,3
15307176,1.0,1.0,3,8.0,7,1,1,0,83
15307740,4.0,4.0,5,8.0,7,1,1,0,1
15312514,,1.0,2,6.0,1,0,1,0,2
15312515,,2.0,2,6.0,5,1,1,0,2
15314452,,1.0,2,7.0,4,0,1,0,1
15314597,,1.0,1,7.0,5,0,2,0,2
15317326,,3.0,5,8.0,1,1,1,0,3
15320772,4.0,1.0,2,7.0,6,0,1,0,2
15322086,,4.0,3,3.0,5,1,1,0,1
15322794,,4.0,5,4.0,1,1,1,0,2
15324602,5.0,3.0,3,11.0,7,1,1,0,2
15325092,,2.0,2,4.0,4,0,1,1,2
15327777,,3.0,2,6.0,3,1,1,0,4
15327778,5.0,1.0,2,6.0,1,0,1,1,5
15328469,,1.0,1,5.0,6,0,1,1,4
15328942,,2.0,2,6.0,1,0,1,0,2
15329132,,4.0,4,5.0,7,1,1,0,2
15329874,,2.0,2,2.0,2,0,1,0,1
15333009,,1.0,3,6.0,5,1,1,0,1
15334380,,3.0,4,6.0,4,1,1,0,9
15334626,1.0,4.0,2,10.0,7,0,1,0,3
15336973,,1.0,2,4.0,5,0,1,0,1
15341111,,3.0,5,9.0,6,1,1,0,6
15341360,4.0,2.0,5,7.0,7,1,1,0,1
15346137,,4.0,3,3.0,4,1,1,0,7
15346472,,1.0,3,9.0,4,1,1,0,6
15347014,,1.0,2,11.0,5,1,1,0,35
15347388,,2.0,4,8.0,7,0,1,0,5
15351976,1.0,1.0,1,6.0,4,0,1,0,1
15355370,1.0,1.0,3,4.0,5,1,1,0,3
15356912,2.0,3.0,5,6.0,4,1,1,1,5
15356919,,3.0,4,8.0,4,1,1,0,1
15357130,4.0,1.0,2,7.0,7,0,3,0,5
15359230,,4.0,4,4.0,5,1,1,0,1
15362081,1.0,1.0,3,11.0,1,1,1,0,6
15372469,,1.0,4,7.0,7,1,1,0,16
15376898,,3.0,2,6.0,4,1,1,0,2
15377387,,2.0,4,7.0,5,1,1,0,8
15378662,,3.0,3,10.0,2,1,1,0,1
15378907,,2.0,2,11.0,1,0,1,0,1
15378953,,4.0,2,5.0,4,0,1,0,1
15382065,,3.0,3,9.0,6,1,1,0,2
15385733,,1.0,4,8.0,6,1,1,0,3
15385819,,3.0,1,11.0,7,0,1,0,1
15386896,2.0,2.0,4,7.0,2,0,1,0,6
15388955,4.0,3.0,3,7.0,5,1,1,0,12
15393506,1.0,2.0,3,6.0,3,1,1,0,12
15394510,1.0,1.0,5,6.0,6,1,1,0,1
15394856,2.0,2.0,3,6.0,1,1,1,0,2
15398940,,2.0,3,6.0,5,1,1,0,2
15399039,,4.0,2,3.0,4,0,1,0,8
15399226,1.0,1.0,1,4.0,4,0,1,0,1
15401867,2.0,4.0,4,8.0,7,1,1,0,3
15402805,2.0,3.0,4,6.0,1,1,1,0,4
15403398,,2.0,4,5.0,6,1,1,0,4
15404024,1.0,1.0,5,6.0,4,1,1,0,1
15409849,1.0,3.0,1,4.0,2,0,1,0,1
15410303,,3.0,3,7.0,3,1,2,0,1
15411506,,3.0,5,8.0,7,1,1,0,3
15412652,2.0,4.0,4,6.0,5,0,1,0,1
15414768,,2.0,1,6.0,4,0,1,0,1
15414954,,4.0,3,6.0,4,0,1,0,3
15415234,2.0,3.0,6,6.0,5,1,1,0,1
15415515,2.0,3.0,1,6.0,1,0,1,0,2
15416597,,3.0,3,10.0,4,1,1,0,3
15417162,1.0,1.0,5,10.0,7,1,1,0,1
15417636,4.0,1.0,3,8.0,5,1,1,0,2
15420133,4.0,2.0,6,9.0,5,1,1,0,9
15421048,2.0,3.0,3,5.0,2,1,1,0,2
15421719,,4.0,2,5.0,5,1,1,1,2
15422558,,1.0,2,7.0,1,1,1,0,1
15424783,2.0,4.0,2,9.0,3,0,1,0,4
15424834,2.0,4.0,2,11.0,5,1,1,1,1
15427011,,3.0,4,6.0,5,1,1,0,9
15427840,1.0,4.0,2,6.0,7,0,1,0,1
15427844,2.0,1.0,4,8.0,2,1,1,0,1
15430854,5.0,4.0,2,10.0,2,0,1,0,1
15432255,,3.0,4,11.0,4,1,1,0,2
15432873,,2.0,3,4.0,1,1,1,0,1
15433339,2.0,1.0,2,7.0,1,0,1,0,1
15436086,4.0,2.0,5,7.0,7,1,1,0,7
15441287,2.0,1.0,5,10.0,7,1,1,0,2
15446963,5.0,3.0,2,6.0,5,1,1,1,1
15452263,1.0,1.0,4,9.0,4,1,1,0,2
15452993,,3.0,6,9.0,1,1,1,0,1
15453437,,,2,7.0,2,0,1,0,1
15454691,,3.0,4,9.0,4,0,1,0,1
15456466,2.0,4.0,2,6.0,6,0,1,0,2
15456907,2.0,3.0,3,6.0,5,1,2,0,1
15462184,,4.0,6,8.0,7,1,1,0,1
15462252,2.0,4.0,2,1.0,3,0,1,0,2
15463705,1.0,4.0,1,8.0,5,0,1,0,12
15464133,,3.0,2,8.0,5,0,1,0,1
15465286,4.0,2.0,5,11.0,2,1,1,0,7
15467685,1.0,4.0,6,7.0,6,1,1,0,1
15469293,2.0,4.0,6,9.0,4,1,1,0,1
15470706,1.0,3.0,3,7.0,7,1,1,0,2
15473129,,3.0,5,11.0,5,1,2,0,2
15473764,4.0,2.0,4,7.0,4,1,1,0,1
15475276,5.0,3.0,2,9.0,4,0,1,1,3
15476690,2.0,1.0,2,3.0,1,0,2,0,7
15477401,4.0,3.0,4,6.0,6,1,1,0,3
15477642,4.0,3.0,4,7.0,6,1,1,0,6
15479400,,4.0,2,8.0,7,0,1,1,3
15479901,2.0,2.0,5,4.0,3,1,1,0,2
15482277,,3.0,5,6.0,5,1,1,1,1
15482601,,3.0,2,11.0,4,1,1,0,2
15483339,,1.0,1,3.0,3,0,1,0,1
15485190,4.0,3.0,2,4.0,3,1,1,0,1
15485786,4.0,3.0,6,9.0,7,1,1,0,1
15487259,,2.0,1,9.0,6,0,1,0,2
15487449,4.0,3.0,3,9.0,5,1,1,1,3
15489372,,3.0,2,11.0,2,1,1,0,8
15489395,,3.0,3,9.0,7,1,1,0,13
15490067,,4.0,5,2.0,6,1,1,0,2
15491753,,1.0,5,9.0,5,1,1,0,1
15492702,5.0,4.0,5,4.0,1,1,2,0,4
15492932,1.0,2.0,2,10.0,4,0,1,0,2
15495506,,1.0,3,2.0,5,1,1,0,1
15498591,1.0,2.0,2,6.0,5,1,1,0,3
15501617,2.0,4.0,3,4.0,1,1,1,0,1
15501625,,1.0,3,7.0,5,1,1,0,1
15503611,,4.0,4,9.0,6,1,1,1,1
15503705,2.0,4.0,2,7.0,7,0,1,0,4
15506354,,1.0,4,8.0,4,1,1,0,8
15511179,2.0,1.0,3,8.0,3,1,1,0,1
15511333,,4.0,2,6.0,5,0,1,0,4
15511638,5.0,2.0,2,7.0,6,0,1,0,1
15512451,,4.0,2,8.0,7,1,1,0,1
15514350,,4.0,4,8.0,3,1,1,1,2
15514646,5.0,1.0,3,11.0,2,1,1,0,5
15515629,,2.0,3,8.0,5,1,1,0,17
15516355,5.0,3.0,2,3.0,2,0,1,0,1
15516809,,1.0,2,11.0,1,0,1,0,1
15517249,,4.0,4,8.0,6,1,1,0,1
15518372,2.0,3.0,2,5.0,3,0,1,0,2
15521526,2.0,3.0,4,7.0,6,1,1,0,1
15522920,,3.0,3,6.0,3,1,1,0,6
15524001,,1.0,3,6.0,4,1,1,0,43
15526833,,3.0,3,4.0,3,1,1,0,3
15532464,,4.0,4,3.0,4,0,1,0,1
15534501,2.0,2.0,3,7.0,5,1,3,0,5
15535685,,3.0,2,11.0,1,0,1,0,8
15536630,,4.0,1,7.0,5,0,1,0,2
15536937,,3.0,4,6.0,5,1,1,0,19
15537579,5.0,3.0,3,1.0,6,1,1,1,4
15538293,2.0,2.0,5,5.0,7,1,1,0,2
15538470,,2.0,4,6.0,1,1,1,0,1
15539830,2.0,2.0,2,7.0,2,1,1,0,2
15540105,,2.0,5,10.0,2,0,1,0,7
15541746,,1.0,4,6.0,3,1,1,0,8
15541879,2.0,2.0,2,7.0,7,1,1,0,1
15542479,,2.0,1,5.0,6,0,1,0,5
15544265,,2.0,2,3.0,2,0,1,0,6
15547777,,4.0,3,11.0,5,1,1,0,1
15548409,,1.0,2,6.0,4,1,1,0,5
15550018,,3.0,5,6.0,4,1,1,0,2
15550321,5.0,1.0,4,6.0,4,1,1,0,2
15551760,,1.0,1,2.0,5,0,1,0,2
15551896,4.0,2.0,2,10.0,2,0,1,0,1
15552966,,4.0,1,4.0,6,0,1,0,1
15554260,2.0,3.0,4,4.0,1,1,1,1,1
15556946,,1.0,1,9.0,3,0,1,0,4
15559943,,2.0,2,4.0,5,1,1,0,2
15560239,,2.0,2,4.0,4,0,1,0,1
15560248,2.0,3.0,5,8.0,5,1,1,0,1
15562127,,1.0,3,7.0,7,1,1,0,1
15563422,,2.0,2,4.0,1,1,1,0,28
15564005,,3.0,3,8.0,7,1,1,0,8
15564569,2.0,4.0,4,7.0,7,1,1,0,1
15565426,,3.0,3,10.0,5,1,1,0,1
15567649,5.0,1.0,4,6.0,7,1,2,1,1
15568212,1.0,1.0,1,9.0,5,0,1,0,2
15570272,,1.0,6,6.0,7,1,1,0,1
15571199,,4.0,2,11.0,3,1,1,0,1
15576368,2.0,2.0,3,4.0,3,1,1,0,2
15577667,,2.0,3,6.0,7,1,1,0,1
15578113,1.0,1.0,2,9.0,2,0,1,0,1
15578975,,4.0,2,11.0,7,1,1,0,1
15579862,,4.0,2,9.0,4,1,1,0,3
15580923,,3.0,5,11.0,1,1,1,0,1
15583604,,3.0,3,7.0,5,1,1,0,1
15584603,,3.0,4,10.0,7,0,1,0,10
15586284,2.0,1.0,5,6.0,6,1,1,0,2
15587481,,2.0,2,6.0,6,0,1,0,1
15587672,,1.0,3,11.0,1,0,1,0,8
15588950,2.0,1.0,5,8.0,6,1,1,0,8
15589187,,4.0,4,5.0,5,1,1,1,2
15591149,,3.0,2,10.0,5,1,1,0,1
15593892,2.0,1.0,3,8.0,5,1,1,0,1
15599595,,3.0,3,10.0,1,1,1,0,6
15601575,5.0,4.0,3,7.0,7,1,1,1,2
15603830,,3.0,5,5.0,5,1,1,0,1
15604055,,2.0,4,7.0,4,1,1,0,3
15606498,,2.0,5,3.0,5,1,1,0,1
15608198,,2.0,5,7.0,7,1,1,0,1
15609528,5.0,2.0,3,5.0,7,0,1,0,6
15610086,5.0,1.0,5,7.0,2,1,1,0,4
15610248,1.0,4.0,2,3.0,5,1,1,0,1
15611833,,3.0,6,6.0,7,1,1,0,5
15611953,,1.0,4,8.0,5,1,1,0,8
15613919,,2.0,3,4.0,6,1,1,0,1
15613930,4.0,2.0,4,6.0,7,1,1,0,2
15616308,2.0,4.0,4,9.0,7,1,3,0,1
15616610,,1.0,6,9.0,1,1,1,0,1
15617850,,1.0,4,9.0,6,1,1,0,4
15618297,,3.0,2,7.0,5,1,1,0,1
15619101,,3.0,3,11.0,4,1,1,0,2
15619697,1.0,1.0,4,11.0,5,1,1,0,10
15621085,5.0,1.0,2,11.0,4,0,1,0,1
15621240,,3.0,4,5.0,5,1,1,0,3
15622474,,2.0,3,7.0,7,1,1,0,1
15625755,2.0,3.0,3,6.0,4,1,1,0,1
15625880,,2.0,2,4.0,5,0,1,0,2
15628156,,1.0,3,7.0,6,1,1,1,1
15628959,4.0,2.0,4,8.0,5,1,1,0,2
15629459,1.0,4.0,2,8.0,3,0,1,0,2
15629608,,2.0,5,3.0,6,1,1,0,2
15632529,4.0,3.0,4,6.0,5,1,1,0,1
15632663,,1.0,2,10.0,2,0,1,0,1
15633826,5.0,3.0,4,8.0,6,1,2,0,10
15635584,,1.0,1,6.0,5,0,1,0,1
15637111,5.0,1.0,2,6.0,5,1,3,0,1
15639948,,3.0,2,3.0,1,0,2,0,2
15642785,2.0,3.0,4,5.0,4,1,1,0,1
15642858,1.0,3.0,4,9.0,1,1,1,0,4
15644047,,3.0,4,11.0,5,1,1,0,1
15644102,1.0,1.0,4,7.0,5,1,1,0,1
15644121,,2.0,3,5.0,5,1,1,0,1
15646101,1.0,2.0,1,8.0,2,0,1,0,2
15652035,5.0,4.0,2,5.0,2,1,1,1,1
15653170,4.0,4.0,4,6.0,7,1,3,0,2
15654407,4.0,2.0,4,7.0,6,1,1,0,2
15654984,2.0,2.0,3,6.0,5,1,1,0,6
15655291,,3.0,1,6.0,4,0,1,1,3
15655394,1.0,1.0,3,6.0,6,1,1,0,5
15656391,,3.0,4,4.0,3,1,1,0,2
15657841,4.0,4.0,4,9.0,7,1,1,0,1
15658998,2.0,4.0,1,5.0,3,0,1,0,1
15659932,2.0,4.0,4,9.0,5,1,1,0,1
15659936,,3.0,2,8.0,7,1,1,0,3
15660158,,2.0,4,6.0,3,1,1,0,1
15661410,1.0,3.0,6,9.0,3,1,1,0,1
15662253,,1.0,5,9.0,1,1,1,1,1
15662487,2.0,3.0,4,9.0,5,1,1,0,2
15663195,,1.0,2,5.0,4,0,1,0,1
15663612,,,2,3.0,3,0,1,0,3
15663970,,1.0,2,11.0,2,0,2,0,6
15664069,,4.0,3,4.0,5,1,1,0,2
15664777,,1.0,3,11.0,3,1,2,0,7
15665807,1.0,3.0,2,7.0,5,0,1,0,3
15666458,,3.0,2,7.0,4,0,1,0,1
15666795,,2.0,5,8.0,7,1,1,0,1
15667238,4.0,4.0,4,9.0,7,1,1,0,14
15668341,2.0,4.0,5,6.0,6,1,1,0,16
15669159,5.0,1.0,3,8.0,7,1,1,0,10
15669326,,1.0,5,8.0,6,1,1,0,1
15670318,,1.0,2,8.0,6,1,1,0,1
15670652,2.0,3.0,5,8.0,4,1,1,0,4
15670925,,3.0,1,11.0,5,0,1,0,8
15671435,4.0,2.0,3,8.0,7,1,1,0,1
15672491,2.0,2.0,3,8.0,7,1,1,0,1
15672992,5.0,1.0,3,8.0,1,1,1,0,2
15674889,2.0,1.0,5,6.0,6,1,1,0,4
15676602,,1.0,2,6.0,7,0,1,0,2
15676745,5.0,2.0,2,7.0,7,0,1,0,5
15677156,1.0,3.0,4,6.0,1,1,1,0,1
15680846,,3.0,3,5.0,4,1,1,0,7
15681831,2.0,3.0,2,9.0,4,0,1,0,6
15681991,,2.0,2,8.0,1,0,1,0,4
15682826,5.0,4.0,5,4.0,1,1,1,1,1
15683299,,4.0,2,10.0,7,0,1,0,1
15683538,,3.0,4,6.0,4,1,1,0,4
15686152,4.0,2.0,2,5.0,6,1,1,0,8
15687265,2.0,2.0,5,5.0,3,1,1,0,8
15687837,2.0,3.0,2,7.0,6,0,1,0,3
15687857,4.0,1.0,6,5.0,7,1,1,0,9
15688844,,1.0,2,9.0,4,0,1,1,4
15691873,4.0,1.0,3,7.0,4,1,1,0,2
15693308,5.0,4.0,5,5.0,5,1,1,1,1
15693668,,4.0,2,5.0,5,1,1,0,3
15695968,1.0,2.0,5,10.0,2,1,1,0,5
15696910,,3.0,4,8.0,4,1,1,0,2
15698055,,3.0,4,4.0,4,1,1,0,9
15698341,,4.0,6,8.0,6,1,1,0,2
15698605,,4.0,1,11.0,2,0,1,0,1
